{"stat.chestOpened":21,"stat.craftItem.minecraft.diamond_chestplate":1,"stat.useItem.minecraft.bow":9,"stat.craftItem.minecraft.diamond_leggings":1,"stat.leaveGame":3,"stat.pickup.minecraft.arrow":28,"stat.useItem.minecraft.diamond_axe":10,"stat.pickup.minecraft.gold_nugget":2,"stat.pickup.minecraft.stained_glass_pane":19,"stat.useItem.minecraft.stained_glass_pane":3,"stat.jump":553,"stat.swimOneCm":681,"stat.mineBlock.minecraft.diamond_block":1,"stat.fallOneCm":48332,"stat.pickup.minecraft.iron_ingot":8,"stat.climbOneCm":15035,"stat.mineBlock.lucky.lucky_block":50,"stat.drop.minecraft.dye":1,"stat.pickup.minecraft.cooked_porkchop":6,"stat.pickup.minecraft.porkchop":16,"stat.pickup.minecraft.blaze_powder":1,"stat.crouchOneCm":401,"stat.craftItem.minecraft.diamond":9,"stat.useItem.minecraft.stone_slab2":6,"stat.pickup.minecraft.ender_chest":2,"stat.pickup.minecraft.bow":1,"stat.craftingTableInteraction":3,"stat.pickup.minecraft.diamond_horse_armor":1,"stat.pickup.minecraft.cooked_rabbit":5,"stat.entityKilledBy.Spider":2,"stat.pickup.minecraft.splash_potion":3,"stat.pickup.minecraft.end_portal_frame":6,"stat.pickup.minecraft.enchanting_table":1,"stat.pickup.minecraft.wooden_pickaxe":1,"stat.damageTaken":13177,"stat.pickup.minecraft.quartz_stairs":1,"stat.pickup.minecraft.ender_eye":5,"stat.pickup.minecraft.dye":18,"stat.aviateOneCm":194443,"stat.pickup.minecraft.diamond_hoe":2,"stat.pickup.minecraft.prismarine_crystals":2,"stat.flyOneCm":146724,"stat.useItem.minecraft.ender_pearl":9,"stat.pickup.minecraft.diamond_axe":1,"stat.entityKilledBy.Zombie":1,"stat.pickup.minecraft.golden_pickaxe":1,"stat.damageDealt":1628,"stat.timeSinceDeath":191,"stat.pickup.minecraft.stained_hardened_clay":1,"stat.mineBlock.minecraft.quartz_stairs":1,"stat.pickup.minecraft.ghast_tear":3,"stat.walkOneCm":102885,"stat.pickup.minecraft.golden_apple":10,"stat.playerKills":7,"stat.pickup.minecraft.stick":1,"stat.pickup.minecraft.diamond_pickaxe":1,"stat.pickup.minecraft.wooden_shovel":1,"stat.useItem.minecraft.cooked_porkchop":4,"stat.pickup.minecraft.golden_hoe":1,"stat.pickup.minecraft.rabbit_foot":3,"stat.pickup.minecraft.wooden_sword":2,"stat.drop.minecraft.ender_chest":2,"stat.pickup.lucky.lucky_bow":3,"stat.craftItem.minecraft.diamond_boots":1,"stat.useItem.lucky.lucky_block":5,"stat.entityKilledBy.Skeleton":1,"stat.pickup.minecraft.nether_star":2,"stat.pickup.minecraft.ender_pearl":12,"stat.sprintOneCm":103119,"stat.pickup.minecraft.ladder":15,"stat.pickup.minecraft.skull":1,"stat.pickup.minecraft.gold_ingot":10,"stat.pickup.minecraft.speckled_melon":2,"stat.pickup.lucky.lucky_potion":33,"stat.pickup.minecraft.potion":7,"stat.pickup.minecraft.fireworks":48,"stat.itemEnchanted":1,"stat.pickup.minecraft.diamond_helmet":1,"stat.useItem.minecraft.diamond_pickaxe":3,"stat.pickup.minecraft.emerald":15,"stat.pickup.minecraft.fermented_spider_eye":3,"stat.pickup.minecraft.saddle":2,"stat.pickup.minecraft.diamond_boots":1,"stat.pickup.minecraft.golden_sword":1,"stat.entityKilledBy.Creeper":1,"stat.useItem.minecraft.golden_apple":6,"stat.deaths":41,"stat.drop":3,"stat.pickup.minecraft.diamond":41,"stat.playOneMinute":40455,"stat.entityKilledBy.Slime":1,"stat.sneakTime":182,"stat.useItem.lucky.lucky_sword":10,"stat.pickup.minecraft.diamond_block":1,"stat.pickup.minecraft.elytra":1,"stat.craftItem.minecraft.dye":18,"stat.pickup.lucky.lucky_sword":4}