{"stat.useItem.minecraft.bow":20,"stat.craftItem.minecraft.diamond_leggings":1,"stat.leaveGame":2,"stat.useItem.lucky.lucky_potion":11,"stat.pickup.lucky.lucky_block":4,"stat.useItem.minecraft.diamond_sword":59,"stat.craftItem.minecraft.diamond_helmet":1,"stat.useItem.minecraft.mutton":2,"stat.pickup.minecraft.fishing_rod":1,"stat.swimOneCm":8387,"stat.mineBlock.minecraft.diamond_block":1,"stat.climbOneCm":19938,"stat.pickup.minecraft.golden_boots":1,"stat.pickup.minecraft.cooked_porkchop":13,"stat.pickup.minecraft.porkchop":11,"stat.pickup.minecraft.blaze_powder":3,"stat.drop.minecraft.speckled_melon":3,"stat.drop.minecraft.melon":1,"stat.pickup.minecraft.golden_helmet":2,"stat.useItem.minecraft.stone_slab2":8,"stat.pickup.minecraft.bow":1,"stat.useItem.minecraft.water_bucket":10,"stat.drop.minecraft.golden_helmet":1,"stat.pickup.minecraft.enchanting_table":1,"stat.drop.minecraft.iron_trapdoor":1,"stat.pickup.minecraft.bucket":4,"stat.pickup.minecraft.iron_trapdoor":1,"stat.aviateOneCm":141508,"stat.pickup.minecraft.diamond_hoe":1,"stat.flyOneCm":94291,"stat.useItem.minecraft.ender_pearl":2,"stat.pickup.minecraft.fish":2,"stat.pickup.minecraft.dragon_egg":1,"stat.timeSinceDeath":87,"stat.pickup.minecraft.stained_hardened_clay":3,"stat.pickup.minecraft.mutton":2,"stat.pickup.minecraft.ghast_tear":8,"stat.pickup.minecraft.nether_wart":4,"stat.useItem.minecraft.golden_carrot":2,"stat.useItem.minecraft.cooked_porkchop":4,"stat.pickup.minecraft.carpet":1,"stat.pickup.minecraft.diamond_shovel":1,"stat.killEntity.Creeper":1,"stat.talkedToVillager":1,"stat.pickup.minecraft.string":4,"stat.pickup.lucky.lucky_bow":1,"stat.pickup.minecraft.prismarine":8,"stat.entityKilledBy.Skeleton":2,"stat.mineBlock.minecraft.stained_hardened_clay":6,"stat.sprintOneCm":84468,"stat.pickup.minecraft.iron_chestplate":1,"stat.killEntity.Horse":1,"stat.pickup.minecraft.speckled_melon":3,"stat.pickup.minecraft.potion":1,"stat.useItem.minecraft.diamond_pickaxe":7,"stat.pickup.minecraft.golden_carrot":7,"stat.useItem.minecraft.carrot":2,"stat.pickup.minecraft.golden_horse_armor":1,"stat.pickup.minecraft.fermented_spider_eye":3,"stat.pickup.minecraft.diamond_chestplate":2,"stat.pickup.minecraft.emerald":13,"stat.useItem.minecraft.bucket":9,"stat.entityKilledBy.Creeper":2,"stat.deaths":21,"stat.mineBlock.minecraft.planks":3,"stat.drop":16,"stat.playOneMinute":36544,"stat.pickup.minecraft.blaze_rod":4,"stat.drop.minecraft.string":2,"stat.killEntity.Sheep":1,"stat.pickup.minecraft.diamond_block":1,"stat.pickup.minecraft.golden_chestplate":2,"stat.killEntity.Zombie":2,"stat.pickup.minecraft.sea_lantern":5,"stat.diveOneCm":9902,"stat.chestOpened":12,"stat.pickup.minecraft.sign":6,"stat.pickup.minecraft.iron_sword":2,"stat.pickup.minecraft.gold_nugget":3,"stat.pickup.minecraft.diamond_sword":1,"stat.jump":438,"stat.pickup.minecraft.iron_helmet":1,"stat.fallOneCm":35351,"stat.pickup.minecraft.iron_ingot":10,"stat.mineBlock.lucky.lucky_block":41,"stat.pickup.minecraft.carrot":16,"stat.crouchOneCm":2412,"stat.craftItem.minecraft.diamond":9,"stat.pickup.minecraft.spider_eye":4,"stat.pickup.minecraft.dropper":8,"stat.pickup.minecraft.dirt":3,"stat.pickup.minecraft.golden_leggings":3,"stat.pickup.minecraft.melon":2,"stat.craftingTableInteraction":3,"stat.pickup.minecraft.milk_bucket":2,"stat.pickup.minecraft.cookie":6,"stat.mineBlock.minecraft.glass_pane":1,"stat.damageTaken":6948,"stat.pickup.minecraft.prismarine_shard":46,"stat.pickup.minecraft.magma_cream":4,"stat.pickup.minecraft.ender_eye":4,"stat.pickup.minecraft.dye":13,"stat.pickup.minecraft.planks":3,"stat.pickup.minecraft.prismarine_crystals":6,"stat.pickup.minecraft.iron_leggings":1,"stat.pickup.minecraft.concrete":1,"stat.pickup.minecraft.quartz_block":8,"stat.pickup.minecraft.wheat_seeds":1,"stat.pickup.minecraft.potato":1,"stat.pickup.minecraft.diamond_axe":1,"stat.damageDealt":2743,"stat.killEntity.Rabbit":2,"stat.drop.minecraft.carpet":1,"stat.killEntity.Pig":3,"stat.walkOneCm":76641,"stat.useItem.minecraft.bread":2,"stat.pickup.minecraft.golden_apple":23,"stat.playerKills":2,"stat.pickup.minecraft.diamond_pickaxe":1,"stat.pickup.minecraft.rabbit_foot":4,"stat.useItem.minecraft.melon":1,"stat.drop.minecraft.potato":1,"stat.pickup.minecraft.ender_pearl":2,"stat.pickup.minecraft.apple":1,"stat.useItem.minecraft.fireworks":1,"stat.pickup.minecraft.gold_ingot":8,"stat.drop.minecraft.fish":1,"stat.pickup.lucky.lucky_potion":36,"stat.drop.minecraft.golden_chestplate":1,"stat.killEntity.Chicken":2,"stat.itemEnchanted":3,"stat.drop.minecraft.cookie":1,"stat.killEntity.Spider":3,"stat.mobKills":21,"stat.pickup.minecraft.diamond_boots":1,"stat.pickup.minecraft.water_bucket":4,"stat.pickup.minecraft.diamond":13,"stat.sneakTime":1220,"stat.pickup.minecraft.wool":1,"stat.pickup.minecraft.lava_bucket":3,"stat.drop.minecraft.quartz_block":1,"stat.drop.minecraft.bucket":2,"stat.pickup.minecraft.rabbit_stew":1,"stat.pickup.minecraft.stone_slab":1,"stat.useItem.minecraft.fishing_rod":3,"stat.pickup.minecraft.chest":1}