{"stat.chestOpened":8,"stat.flyOneCm":44796,"stat.deaths":6,"stat.walkOneCm":29892,"stat.drop":1,"stat.pickup.minecraft.diamond":11,"stat.jump":198,"stat.playOneMinute":9350,"stat.pickup.minecraft.splash_potion":3,"stat.fallOneCm":2092,"stat.mineBlock.lucky.lucky_block":4,"stat.pickup.minecraft.potion":4,"stat.drop.minecraft.dye":1,"stat.sneakTime":133,"stat.damageTaken":1495,"stat.damageDealt":137,"stat.crouchOneCm":311,"stat.timeSinceDeath":374,"stat.sprintOneCm":38983,"stat.pickup.minecraft.emerald":2,"stat.pickup.minecraft.dye":5,"stat.pickup.minecraft.gold_ingot":2}