{"stat.chestOpened":2,"stat.pickup.minecraft.ghast_tear":4,"stat.walkOneCm":26834,"stat.pickup.minecraft.golden_apple":11,"stat.playerKills":1,"stat.pickup.minecraft.sign":1,"stat.leaveGame":1,"stat.pickup.minecraft.nether_wart":4,"stat.useItem.minecraft.cooked_porkchop":3,"stat.pickup.minecraft.carpet":1,"stat.pickup.minecraft.diamond_shovel":1,"stat.pickup.minecraft.gold_nugget":3,"stat.pickup.minecraft.rabbit_foot":4,"stat.talkedToVillager":1,"stat.useItem.minecraft.diamond_sword":8,"stat.pickup.minecraft.diamond_sword":1,"stat.useItem.minecraft.mutton":2,"stat.jump":188,"stat.swimOneCm":3267,"stat.fallOneCm":6662,"stat.climbOneCm":11155,"stat.mineBlock.lucky.lucky_block":22,"stat.pickup.minecraft.golden_boots":1,"stat.pickup.minecraft.cooked_porkchop":4,"stat.entityKilledBy.Skeleton":1,"stat.pickup.minecraft.porkchop":11,"stat.crouchOneCm":712,"stat.pickup.minecraft.blaze_powder":3,"stat.pickup.minecraft.spider_eye":4,"stat.pickup.minecraft.dropper":8,"stat.pickup.minecraft.ender_pearl":2,"stat.drop.minecraft.speckled_melon":3,"stat.pickup.minecraft.golden_helmet":1,"stat.sprintOneCm":29942,"stat.useItem.minecraft.stone_slab2":1,"stat.pickup.minecraft.golden_leggings":1,"stat.pickup.minecraft.bow":1,"stat.useItem.minecraft.water_bucket":4,"stat.drop.minecraft.fish":1,"stat.pickup.minecraft.milk_bucket":1,"stat.pickup.minecraft.speckled_melon":3,"stat.pickup.minecraft.potion":1,"stat.mineBlock.minecraft.glass_pane":1,"stat.drop.minecraft.iron_trapdoor":1,"stat.damageTaken":2787,"stat.pickup.minecraft.bucket":1,"stat.pickup.minecraft.golden_horse_armor":1,"stat.mobKills":5,"stat.pickup.minecraft.fermented_spider_eye":3,"stat.pickup.minecraft.magma_cream":4,"stat.pickup.minecraft.ender_eye":4,"stat.pickup.minecraft.iron_trapdoor":1,"stat.useItem.minecraft.bucket":4,"stat.entityKilledBy.Creeper":1,"stat.flyOneCm":25437,"stat.deaths":8,"stat.useItem.minecraft.ender_pearl":2,"stat.pickup.minecraft.water_bucket":2,"stat.pickup.minecraft.concrete":1,"stat.drop":7,"stat.pickup.minecraft.quartz_block":2,"stat.playOneMinute":12870,"stat.pickup.minecraft.fish":2,"stat.pickup.minecraft.blaze_rod":4,"stat.pickup.minecraft.diamond_axe":1,"stat.killEntity.Sheep":1,"stat.sneakTime":479,"stat.pickup.minecraft.wool":1,"stat.pickup.minecraft.lava_bucket":2,"stat.drop.minecraft.quartz_block":1,"stat.damageDealt":736,"stat.pickup.minecraft.golden_chestplate":1,"stat.drop.minecraft.carpet":1,"stat.killEntity.Zombie":1,"stat.timeSinceDeath":3213,"stat.diveOneCm":2399,"stat.pickup.minecraft.mutton":2}