{"stat.chestOpened":10,"stat.useItem.minecraft.bow":7,"stat.pickup.minecraft.ghast_tear":3,"stat.walkOneCm":68079,"stat.pickup.minecraft.golden_apple":10,"stat.playerKills":3,"stat.pickup.minecraft.stick":1,"stat.pickup.minecraft.diamond_pickaxe":1,"stat.leaveGame":2,"stat.pickup.minecraft.arrow":28,"stat.useItem.minecraft.diamond_axe":2,"stat.useItem.minecraft.cooked_porkchop":1,"stat.pickup.minecraft.gold_nugget":2,"stat.pickup.minecraft.rabbit_foot":3,"stat.pickup.minecraft.stained_glass_pane":19,"stat.pickup.minecraft.wooden_sword":1,"stat.useItem.minecraft.stained_glass_pane":3,"stat.jump":344,"stat.swimOneCm":312,"stat.fallOneCm":22009,"stat.pickup.minecraft.iron_ingot":8,"stat.climbOneCm":12932,"stat.mineBlock.lucky.lucky_block":29,"stat.drop.minecraft.dye":1,"stat.pickup.minecraft.cooked_porkchop":6,"stat.entityKilledBy.Skeleton":1,"stat.pickup.minecraft.porkchop":16,"stat.crouchOneCm":362,"stat.pickup.minecraft.blaze_powder":1,"stat.pickup.minecraft.nether_star":2,"stat.pickup.minecraft.ender_pearl":12,"stat.sprintOneCm":67134,"stat.pickup.minecraft.bow":1,"stat.pickup.minecraft.gold_ingot":10,"stat.pickup.minecraft.diamond_horse_armor":1,"stat.pickup.minecraft.cooked_rabbit":5,"stat.pickup.minecraft.speckled_melon":2,"stat.entityKilledBy.Spider":2,"stat.pickup.minecraft.splash_potion":3,"stat.pickup.minecraft.end_portal_frame":6,"stat.pickup.minecraft.potion":5,"stat.pickup.minecraft.diamond_helmet":1,"stat.damageTaken":6138,"stat.pickup.minecraft.emerald":15,"stat.pickup.minecraft.fermented_spider_eye":3,"stat.pickup.minecraft.saddle":2,"stat.pickup.minecraft.ender_eye":5,"stat.pickup.minecraft.dye":18,"stat.entityKilledBy.Creeper":1,"stat.pickup.minecraft.diamond_hoe":2,"stat.pickup.minecraft.prismarine_crystals":2,"stat.useItem.minecraft.golden_apple":3,"stat.flyOneCm":93650,"stat.deaths":20,"stat.useItem.minecraft.ender_pearl":3,"stat.drop":1,"stat.pickup.minecraft.diamond":21,"stat.playOneMinute":20026,"stat.pickup.minecraft.diamond_axe":1,"stat.sneakTime":157,"stat.useItem.lucky.lucky_sword":5,"stat.damageDealt":1172,"stat.timeSinceDeath":141,"stat.pickup.lucky.lucky_sword":1}