{"stat.chestOpened":18,"stat.useItem.minecraft.bow":9,"stat.mineBlock.minecraft.quartz_stairs":1,"stat.pickup.minecraft.ghast_tear":3,"stat.walkOneCm":92583,"stat.pickup.minecraft.golden_apple":10,"stat.playerKills":5,"stat.pickup.minecraft.stick":1,"stat.pickup.minecraft.diamond_pickaxe":1,"stat.leaveGame":2,"stat.pickup.minecraft.arrow":28,"stat.useItem.minecraft.diamond_axe":2,"stat.pickup.minecraft.wooden_shovel":1,"stat.useItem.minecraft.cooked_porkchop":4,"stat.pickup.minecraft.golden_hoe":1,"stat.pickup.minecraft.gold_nugget":2,"stat.pickup.minecraft.rabbit_foot":3,"stat.pickup.minecraft.stained_glass_pane":19,"stat.pickup.minecraft.wooden_sword":2,"stat.useItem.minecraft.stained_glass_pane":3,"stat.pickup.lucky.lucky_bow":2,"stat.jump":489,"stat.swimOneCm":681,"stat.mineBlock.minecraft.diamond_block":1,"stat.fallOneCm":44663,"stat.pickup.minecraft.iron_ingot":8,"stat.climbOneCm":15035,"stat.useItem.lucky.lucky_block":5,"stat.mineBlock.lucky.lucky_block":46,"stat.drop.minecraft.dye":1,"stat.pickup.minecraft.cooked_porkchop":6,"stat.entityKilledBy.Skeleton":1,"stat.pickup.minecraft.porkchop":16,"stat.crouchOneCm":362,"stat.pickup.minecraft.blaze_powder":1,"stat.pickup.minecraft.nether_star":2,"stat.craftItem.minecraft.diamond":9,"stat.pickup.minecraft.ender_pearl":12,"stat.sprintOneCm":90691,"stat.useItem.minecraft.stone_slab2":3,"stat.pickup.minecraft.bow":1,"stat.pickup.minecraft.skull":1,"stat.pickup.minecraft.gold_ingot":10,"stat.pickup.minecraft.diamond_horse_armor":1,"stat.pickup.minecraft.cooked_rabbit":5,"stat.pickup.minecraft.speckled_melon":2,"stat.entityKilledBy.Spider":2,"stat.pickup.minecraft.splash_potion":3,"stat.pickup.lucky.lucky_potion":20,"stat.pickup.minecraft.end_portal_frame":6,"stat.pickup.minecraft.potion":7,"stat.pickup.minecraft.enchanting_table":1,"stat.pickup.minecraft.diamond_helmet":1,"stat.pickup.minecraft.wooden_pickaxe":1,"stat.damageTaken":12471,"stat.useItem.minecraft.diamond_pickaxe":3,"stat.pickup.minecraft.emerald":15,"stat.pickup.minecraft.fermented_spider_eye":3,"stat.pickup.minecraft.saddle":2,"stat.pickup.minecraft.ender_eye":5,"stat.pickup.minecraft.quartz_stairs":1,"stat.pickup.minecraft.golden_sword":1,"stat.pickup.minecraft.dye":18,"stat.entityKilledBy.Creeper":1,"stat.aviateOneCm":108139,"stat.pickup.minecraft.diamond_hoe":2,"stat.pickup.minecraft.prismarine_crystals":2,"stat.useItem.minecraft.golden_apple":5,"stat.flyOneCm":131772,"stat.deaths":39,"stat.useItem.minecraft.ender_pearl":7,"stat.drop":1,"stat.pickup.minecraft.diamond":41,"stat.playOneMinute":31726,"stat.pickup.minecraft.diamond_axe":1,"stat.sneakTime":178,"stat.useItem.lucky.lucky_sword":7,"stat.pickup.minecraft.diamond_block":1,"stat.pickup.minecraft.golden_pickaxe":1,"stat.damageDealt":1225,"stat.timeSinceDeath":110,"stat.pickup.lucky.lucky_sword":4}