{"stat.useItem.minecraft.bow":212,"stat.pickup.minecraft.tripwire_hook":2,"stat.pickup.minecraft.bone":3,"stat.useItem.minecraft.quartz_block":11,"stat.leaveGame":6,"stat.craftItem.minecraft.diamond_helmet":1,"stat.mineBlock.minecraft.diamond_block":1,"stat.swimOneCm":5285,"stat.climbOneCm":30583,"stat.pickup.minecraft.enchanted_book":2,"stat.useItem.minecraft.planks":73,"stat.pickup.minecraft.golden_boots":1,"stat.pickup.minecraft.sticky_piston":4,"stat.pickup.minecraft.golden_helmet":2,"stat.useItem.minecraft.stone_slab2":4,"stat.pickup.minecraft.bow":1,"stat.pickup.minecraft.rotten_flesh":5,"stat.pickup.minecraft.splash_potion":2,"stat.pickup.minecraft.golden_axe":1,"stat.pickup.minecraft.pumpkin_pie":1,"stat.pickup.minecraft.quartz_stairs":3,"stat.pickup.minecraft.iron_trapdoor":1,"stat.aviateOneCm":220625,"stat.flyOneCm":160970,"stat.timeSinceDeath":17,"stat.pickup.minecraft.stained_hardened_clay":2,"stat.drop.minecraft.spider_eye":3,"stat.pickup.minecraft.redstone_lamp":4,"stat.pickup.minecraft.trapdoor":2,"stat.pickup.minecraft.diamond_shovel":1,"stat.pickup.minecraft.wooden_button":1,"stat.pickup.minecraft.string":1,"stat.pickup.minecraft.hay_block":16,"stat.mineBlock.minecraft.stained_hardened_clay":1,"stat.sprintOneCm":114327,"stat.useItem.minecraft.diamond_shovel":19,"stat.pickup.minecraft.skull":3,"stat.mineBlock.minecraft.sea_lantern":1,"stat.mineBlock.minecraft.quartz_block":7,"stat.useItem.minecraft.diamond_pickaxe":17,"stat.mineBlock.minecraft.brick_stairs":4,"stat.pickup.minecraft.golden_horse_armor":1,"stat.entityKilledBy.Creeper":1,"stat.pickup.minecraft.spawn_egg":9,"stat.pickup.minecraft.lever":3,"stat.deaths":117,"stat.mineBlock.minecraft.planks":4,"stat.drop":4,"stat.playOneMinute":63242,"stat.pickup.minecraft.stone_button":4,"stat.entityKilledBy.Slime":1,"stat.useItem.minecraft.ladder":1,"stat.pickup.minecraft.diamond_block":1,"stat.pickup.minecraft.golden_chestplate":1,"stat.diveOneCm":1687,"stat.chestOpened":6,"stat.useItem.minecraft.splash_potion":2,"stat.pickup.minecraft.arrow":4,"stat.pickup.minecraft.wooden_pressure_plate":2,"stat.useItem.minecraft.diamond_axe":12,"stat.pickup.minecraft.brick_stairs":1,"stat.jump":856,"stat.pickup.minecraft.iron_helmet":1,"stat.fallOneCm":126400,"stat.mineBlock.lucky.lucky_block":34,"stat.crouchOneCm":4563,"stat.pickup.minecraft.dropper":4,"stat.pickup.minecraft.spider_eye":3,"stat.pickup.minecraft.golden_leggings":1,"stat.craftingTableInteraction":2,"stat.pickup.minecraft.heavy_weighted_pressure_plate":3,"stat.pickup.minecraft.comparator":2,"stat.useItem.minecraft.redstone_lamp":3,"stat.damageTaken":34051,"stat.pickup.minecraft.feather":1,"stat.pickup.minecraft.planks":3,"stat.pickup.minecraft.prismarine_crystals":4,"stat.pickup.minecraft.iron_leggings":2,"stat.pickup.minecraft.quartz_block":18,"stat.pickup.minecraft.diamond_axe":1,"stat.damageDealt":1647,"stat.killEntity.Pig":2,"stat.pickup.minecraft.piston":4,"stat.walkOneCm":198913,"stat.useItem.minecraft.bread":2,"stat.pickup.minecraft.golden_apple":4,"stat.playerKills":27,"stat.pickup.minecraft.diamond_pickaxe":1,"stat.useItem.minecraft.tnt":7,"stat.pickup.minecraft.tnt":8,"stat.pickup.minecraft.hopper":4,"stat.drop.minecraft.gold_nugget":1,"stat.pickup.minecraft.ladder":31,"stat.craftItem.minecraft.planks":88,"stat.killEntity.Chicken":1,"stat.killEntity.Spider":1,"stat.pickup.minecraft.bread":3,"stat.mobKills":22,"stat.useItem.minecraft.golden_apple":6,"stat.pickup.minecraft.golden_shovel":1,"stat.pickup.minecraft.iron_door":1,"stat.pickup.minecraft.diamond":20,"stat.sneakTime":1961,"stat.useItem.lucky.lucky_sword":76,"stat.pickup.minecraft.stone_slab":1,"stat.pickup.lucky.lucky_sword":1}