{"stat.chestOpened":4,"stat.useItem.minecraft.bow":54,"stat.pickup.minecraft.tripwire_hook":2,"stat.useItem.minecraft.splash_potion":1,"stat.pickup.minecraft.bone":1,"stat.useItem.minecraft.quartz_block":11,"stat.leaveGame":4,"stat.pickup.minecraft.wooden_pressure_plate":2,"stat.craftItem.minecraft.diamond_helmet":1,"stat.jump":298,"stat.mineBlock.minecraft.diamond_block":1,"stat.swimOneCm":3815,"stat.fallOneCm":22739,"stat.climbOneCm":30583,"stat.mineBlock.lucky.lucky_block":34,"stat.pickup.minecraft.golden_boots":1,"stat.crouchOneCm":2623,"stat.pickup.minecraft.dropper":4,"stat.pickup.minecraft.sticky_piston":4,"stat.pickup.minecraft.golden_helmet":1,"stat.useItem.minecraft.stone_slab2":4,"stat.pickup.minecraft.golden_leggings":1,"stat.pickup.minecraft.bow":1,"stat.craftingTableInteraction":1,"stat.pickup.minecraft.rotten_flesh":1,"stat.pickup.minecraft.heavy_weighted_pressure_plate":2,"stat.pickup.minecraft.splash_potion":2,"stat.pickup.minecraft.comparator":2,"stat.useItem.minecraft.redstone_lamp":3,"stat.pickup.minecraft.golden_axe":1,"stat.damageTaken":9854,"stat.pickup.minecraft.quartz_stairs":3,"stat.pickup.minecraft.iron_trapdoor":1,"stat.aviateOneCm":220625,"stat.pickup.minecraft.prismarine_crystals":4,"stat.flyOneCm":55995,"stat.pickup.minecraft.quartz_block":16,"stat.pickup.minecraft.diamond_axe":1,"stat.damageDealt":525,"stat.timeSinceDeath":953,"stat.pickup.minecraft.stained_hardened_clay":2,"stat.pickup.minecraft.piston":4,"stat.walkOneCm":100092,"stat.pickup.minecraft.golden_apple":4,"stat.playerKills":11,"stat.pickup.minecraft.diamond_pickaxe":1,"stat.useItem.minecraft.tnt":7,"stat.pickup.minecraft.redstone_lamp":4,"stat.pickup.minecraft.trapdoor":2,"stat.pickup.minecraft.diamond_shovel":1,"stat.pickup.minecraft.wooden_button":1,"stat.pickup.minecraft.tnt":8,"stat.pickup.minecraft.hay_block":16,"stat.pickup.minecraft.hopper":4,"stat.drop.minecraft.gold_nugget":1,"stat.mineBlock.minecraft.stained_hardened_clay":1,"stat.sprintOneCm":51333,"stat.useItem.minecraft.diamond_shovel":19,"stat.pickup.minecraft.ladder":31,"stat.pickup.minecraft.skull":3,"stat.mineBlock.minecraft.sea_lantern":1,"stat.mineBlock.minecraft.quartz_block":7,"stat.useItem.minecraft.diamond_pickaxe":13,"stat.pickup.minecraft.golden_horse_armor":1,"stat.mobKills":12,"stat.pickup.minecraft.spawn_egg":6,"stat.useItem.minecraft.golden_apple":6,"stat.pickup.minecraft.lever":2,"stat.deaths":34,"stat.pickup.minecraft.golden_shovel":1,"stat.drop":1,"stat.pickup.minecraft.iron_door":1,"stat.pickup.minecraft.diamond":20,"stat.playOneMinute":27091,"stat.pickup.minecraft.stone_button":4,"stat.useItem.minecraft.ladder":1,"stat.sneakTime":1243,"stat.pickup.minecraft.diamond_block":1,"stat.pickup.minecraft.golden_chestplate":1,"stat.pickup.minecraft.stone_slab":1,"stat.diveOneCm":1170}