{"stat.chestOpened":2,"stat.pickup.minecraft.piston":4,"stat.useItem.minecraft.bow":20,"stat.pickup.minecraft.tripwire_hook":2,"stat.walkOneCm":55107,"stat.pickup.minecraft.bone":1,"stat.useItem.minecraft.quartz_block":2,"stat.pickup.minecraft.golden_apple":4,"stat.playerKills":8,"stat.pickup.minecraft.diamond_pickaxe":1,"stat.pickup.minecraft.wooden_pressure_plate":2,"stat.useItem.minecraft.tnt":7,"stat.pickup.minecraft.redstone_lamp":4,"stat.pickup.minecraft.trapdoor":2,"stat.pickup.minecraft.diamond_shovel":1,"stat.pickup.minecraft.wooden_button":1,"stat.jump":187,"stat.mineBlock.minecraft.diamond_block":1,"stat.fallOneCm":17432,"stat.climbOneCm":25625,"stat.mineBlock.lucky.lucky_block":24,"stat.pickup.minecraft.tnt":8,"stat.pickup.minecraft.hay_block":8,"stat.pickup.minecraft.hopper":4,"stat.crouchOneCm":1899,"stat.drop.minecraft.gold_nugget":1,"stat.pickup.minecraft.dropper":2,"stat.pickup.minecraft.sticky_piston":4,"stat.mineBlock.minecraft.stained_hardened_clay":1,"stat.sprintOneCm":27128,"stat.useItem.minecraft.diamond_shovel":10,"stat.useItem.minecraft.stone_slab2":4,"stat.pickup.minecraft.bow":1,"stat.pickup.minecraft.rotten_flesh":1,"stat.pickup.minecraft.heavy_weighted_pressure_plate":2,"stat.pickup.minecraft.splash_potion":1,"stat.pickup.minecraft.comparator":2,"stat.useItem.minecraft.redstone_lamp":3,"stat.mineBlock.minecraft.sea_lantern":1,"stat.damageTaken":5567,"stat.mineBlock.minecraft.quartz_block":3,"stat.useItem.minecraft.diamond_pickaxe":9,"stat.mobKills":5,"stat.pickup.minecraft.iron_trapdoor":1,"stat.pickup.minecraft.prismarine_crystals":4,"stat.pickup.minecraft.spawn_egg":6,"stat.useItem.minecraft.golden_apple":4,"stat.flyOneCm":25642,"stat.pickup.minecraft.lever":2,"stat.deaths":19,"stat.pickup.minecraft.quartz_block":12,"stat.drop":1,"stat.pickup.minecraft.iron_door":1,"stat.playOneMinute":16527,"stat.pickup.minecraft.diamond_axe":1,"stat.pickup.minecraft.stone_button":2,"stat.sneakTime":1032,"stat.pickup.minecraft.diamond_block":1,"stat.damageDealt":292,"stat.timeSinceDeath":21,"stat.pickup.minecraft.stone_slab":1,"stat.pickup.minecraft.stained_hardened_clay":2}