{"stat.chestOpened":1,"stat.walkOneCm":17857,"stat.useItem.minecraft.quartz_block":1,"stat.pickup.minecraft.diamond_pickaxe":1,"stat.mineBlock.minecraft.sea_lantern":1,"stat.damageTaken":1002,"stat.useItem.minecraft.diamond_pickaxe":8,"stat.mineBlock.minecraft.quartz_block":2,"stat.pickup.minecraft.diamond_shovel":1,"stat.mobKills":3,"stat.pickup.minecraft.prismarine_crystals":3,"stat.useItem.minecraft.golden_apple":1,"stat.flyOneCm":9004,"stat.deaths":4,"stat.pickup.minecraft.quartz_block":2,"stat.jump":56,"stat.mineBlock.minecraft.diamond_block":1,"stat.playOneMinute":4827,"stat.fallOneCm":1259,"stat.pickup.minecraft.diamond_axe":1,"stat.mineBlock.lucky.lucky_block":5,"stat.pickup.minecraft.tnt":8,"stat.sneakTime":287,"stat.pickup.minecraft.diamond_block":1,"stat.damageDealt":24,"stat.crouchOneCm":614,"stat.timeSinceDeath":172,"stat.mineBlock.minecraft.stained_hardened_clay":1,"stat.sprintOneCm":3996,"stat.useItem.minecraft.stone_slab2":2}