{"stat.pickup.minecraft.diamond_horse_armor":1,"stat.walkOneCm":14663,"stat.damageTaken":640,"stat.pickup.minecraft.golden_horse_armor":1,"stat.pickup.minecraft.emerald":21,"stat.pickup.minecraft.dye":22,"stat.flyOneCm":9097,"stat.deaths":2,"stat.drop":1,"stat.pickup.minecraft.diamond":6,"stat.jump":46,"stat.pickup.minecraft.iron_horse_armor":1,"stat.playOneMinute":3325,"stat.fallOneCm":482,"stat.pickup.minecraft.jukebox":1,"stat.mineBlock.lucky.lucky_block":8,"stat.sneakTime":94,"stat.pickup.minecraft.rabbit":9,"stat.damageDealt":39,"stat.crouchOneCm":392,"stat.pickup.minecraft.nether_star":1,"stat.timeSinceDeath":820,"stat.drop.minecraft.gold_nugget":1,"stat.sprintOneCm":10268,"stat.useItem.minecraft.stone_slab2":2,"stat.pickup.minecraft.stained_hardened_clay":1,"stat.pickup.minecraft.record_wait":1,"stat.pickup.minecraft.gold_ingot":18}