{"stat.craftItem.minecraft.diamond_chestplate":1,"stat.chestOpened":1,"stat.useItem.minecraft.bow":38,"stat.pickup.minecraft.pumpkin":13,"stat.walkOneCm":49977,"stat.playerKills":3,"stat.pickup.minecraft.lit_pumpkin":15,"stat.pickup.minecraft.wooden_axe":1,"stat.useItem.minecraft.pumpkin":1,"stat.pickup.minecraft.wooden_shovel":1,"stat.useItem.minecraft.lava_bucket":1,"stat.pickup.minecraft.golden_hoe":1,"stat.pickup.minecraft.iron_hoe":1,"stat.talkedToVillager":2,"stat.pickup.minecraft.wooden_sword":1,"stat.pickup.minecraft.string":5,"stat.pickup.minecraft.fishing_rod":1,"stat.jump":206,"stat.swimOneCm":1304,"stat.fallOneCm":18099,"stat.pickup.minecraft.iron_ingot":14,"stat.climbOneCm":29882,"stat.mineBlock.lucky.lucky_block":22,"stat.mineBlock.minecraft.web":2,"stat.crouchOneCm":1025,"stat.pickup.minecraft.nether_star":1,"stat.drop.minecraft.gold_nugget":1,"stat.useItem.minecraft.stained_hardened_clay":2,"stat.sprintOneCm":27154,"stat.useItem.minecraft.stone_slab2":5,"stat.useItem.minecraft.water_bucket":1,"stat.pickup.minecraft.gold_ingot":33,"stat.pickup.minecraft.diamond_horse_armor":1,"stat.pickup.minecraft.heavy_weighted_pressure_plate":1,"stat.pickup.minecraft.milk_bucket":2,"stat.pickup.minecraft.golden_axe":1,"stat.pickup.minecraft.iron_axe":1,"stat.pickup.minecraft.potion":1,"stat.pickup.minecraft.wooden_pickaxe":1,"stat.damageTaken":3446,"stat.pickup.minecraft.bucket":1,"stat.tradedWithVillager":1,"stat.pickup.minecraft.golden_horse_armor":1,"stat.pickup.minecraft.emerald":37,"stat.mobKills":1,"stat.pickup.minecraft.quartz_stairs":1,"stat.pickup.minecraft.wooden_hoe":1,"stat.useItem.minecraft.bucket":2,"stat.pickup.minecraft.golden_sword":1,"stat.pickup.minecraft.dye":37,"stat.pickup.minecraft.prismarine_crystals":2,"stat.flyOneCm":48009,"stat.deaths":13,"stat.pickup.minecraft.water_bucket":1,"stat.pickup.minecraft.golden_shovel":1,"stat.pickup.minecraft.concrete":1,"stat.drop":1,"stat.pickup.minecraft.diamond":21,"stat.pickup.minecraft.quartz_block":1,"stat.pickup.minecraft.iron_horse_armor":1,"stat.playOneMinute":15025,"stat.pickup.minecraft.jukebox":1,"stat.sneakTime":447,"stat.useItem.lucky.lucky_sword":17,"stat.pickup.minecraft.rabbit":9,"stat.pickup.minecraft.lava_bucket":1,"stat.pickup.minecraft.golden_pickaxe":1,"stat.damageDealt":463,"stat.timeSinceDeath":365,"stat.pickup.minecraft.stained_hardened_clay":4,"stat.pickup.minecraft.record_wait":1,"stat.pickup.lucky.lucky_sword":1,"stat.diveOneCm":3086,"stat.useItem.minecraft.fishing_rod":3}