{"stat.craftItem.minecraft.diamond_chestplate":1,"stat.chestOpened":5,"stat.useItem.minecraft.bow":59,"stat.pickup.minecraft.pumpkin":13,"stat.craftItem.minecraft.diamond_leggings":1,"stat.pickup.minecraft.lit_pumpkin":15,"stat.leaveGame":1,"stat.pickup.minecraft.arrow":20,"stat.useItem.lucky.lucky_potion":7,"stat.mineBlock.minecraft.slime":1,"stat.pickup.minecraft.fishing_rod":1,"stat.jump":371,"stat.swimOneCm":3055,"stat.fallOneCm":50231,"stat.pickup.minecraft.iron_ingot":28,"stat.climbOneCm":31522,"stat.pickup.minecraft.enchanted_book":1,"stat.mineBlock.lucky.lucky_block":32,"stat.mineBlock.minecraft.web":5,"stat.crouchOneCm":1347,"stat.useItem.minecraft.stone_slab2":6,"stat.pickup.minecraft.bow":1,"stat.useItem.minecraft.water_bucket":2,"stat.craftingTableInteraction":2,"stat.pickup.minecraft.diamond_horse_armor":3,"stat.pickup.minecraft.heavy_weighted_pressure_plate":2,"stat.pickup.minecraft.milk_bucket":2,"stat.pickup.minecraft.splash_potion":1,"stat.pickup.minecraft.golden_axe":2,"stat.pickup.minecraft.iron_axe":1,"stat.craftItem.minecraft.iron_boots":1,"stat.pickup.minecraft.wooden_pickaxe":1,"stat.pickup.minecraft.anvil":1,"stat.damageTaken":8644,"stat.pickup.minecraft.bucket":1,"stat.tradedWithVillager":1,"stat.pickup.minecraft.slime":19,"stat.pickup.minecraft.quartz_stairs":1,"stat.pickup.minecraft.wooden_hoe":2,"stat.pickup.minecraft.dye":100,"stat.aviateOneCm":31144,"stat.pickup.minecraft.prismarine_crystals":2,"stat.pickup.minecraft.iron_leggings":1,"stat.flyOneCm":115458,"stat.pickup.minecraft.concrete":1,"stat.pickup.minecraft.quartz_block":2,"stat.pickup.minecraft.golden_pickaxe":2,"stat.pickup.minecraft.dragon_egg":1,"stat.damageDealt":661,"stat.killEntity.Rabbit":1,"stat.timeSinceDeath":461,"stat.pickup.minecraft.stained_hardened_clay":4,"stat.pickup.minecraft.record_wait":1,"stat.walkOneCm":83111,"stat.playerKills":5,"stat.pickup.minecraft.wooden_axe":2,"stat.useItem.minecraft.pumpkin":1,"stat.pickup.minecraft.wooden_shovel":1,"stat.useItem.minecraft.lava_bucket":1,"stat.pickup.minecraft.golden_hoe":1,"stat.pickup.minecraft.iron_hoe":1,"stat.talkedToVillager":2,"stat.pickup.minecraft.wooden_sword":1,"stat.pickup.minecraft.string":14,"stat.pickup.minecraft.hay_block":8,"stat.pickup.minecraft.nether_star":1,"stat.drop.minecraft.gold_nugget":1,"stat.useItem.minecraft.stained_hardened_clay":2,"stat.sprintOneCm":54721,"stat.pickup.minecraft.ladder":1,"stat.pickup.minecraft.skull":1,"stat.pickup.minecraft.gold_ingot":65,"stat.pickup.lucky.lucky_potion":19,"stat.pickup.minecraft.potion":1,"stat.pickup.minecraft.golden_horse_armor":2,"stat.pickup.minecraft.emerald":46,"stat.mobKills":2,"stat.useItem.minecraft.bucket":2,"stat.pickup.minecraft.golden_sword":1,"stat.pickup.minecraft.spawn_egg":1,"stat.pickup.minecraft.sugar":13,"stat.deaths":27,"stat.pickup.minecraft.water_bucket":1,"stat.pickup.minecraft.golden_shovel":1,"stat.drop":1,"stat.pickup.minecraft.diamond":35,"stat.pickup.minecraft.iron_horse_armor":1,"stat.playOneMinute":26417,"stat.pickup.minecraft.jukebox":1,"stat.sneakTime":550,"stat.useItem.lucky.lucky_sword":31,"stat.pickup.minecraft.rabbit":9,"stat.pickup.minecraft.lava_bucket":1,"stat.pickup.lucky.lucky_sword":1,"stat.diveOneCm":3424,"stat.useItem.minecraft.fishing_rod":6}