{"stat.craftItem.minecraft.diamond_chestplate":1,"stat.chestOpened":8,"stat.useItem.minecraft.bow":105,"stat.pickup.minecraft.pumpkin":13,"stat.useItem.minecraft.splash_potion":1,"stat.useItem.minecraft.lapis_block":6,"stat.craftItem.minecraft.diamond_leggings":1,"stat.pickup.minecraft.lit_pumpkin":15,"stat.useItem.minecraft.iron_axe":13,"stat.leaveGame":1,"stat.pickup.minecraft.arrow":22,"stat.useItem.lucky.lucky_potion":7,"stat.mineBlock.minecraft.slime":1,"stat.pickup.minecraft.leather_chestplate":1,"stat.pickup.minecraft.lapis_block":8,"stat.useItem.minecraft.diamond_sword":24,"stat.useItem.minecraft.potion":1,"stat.craftItem.minecraft.diamond_helmet":1,"stat.craftItem.minecraft.diamond_sword":1,"stat.pickup.minecraft.fishing_rod":1,"stat.jump":775,"stat.swimOneCm":7483,"stat.mineBlock.minecraft.diamond_block":1,"stat.pickup.minecraft.iron_helmet":2,"stat.pickup.minecraft.cooked_chicken":1,"stat.fallOneCm":93021,"stat.pickup.minecraft.iron_ingot":42,"stat.climbOneCm":31522,"stat.pickup.minecraft.enchanted_book":4,"stat.useItem.minecraft.planks":38,"stat.mineBlock.lucky.lucky_block":38,"stat.mineBlock.minecraft.web":6,"stat.pickup.minecraft.porkchop":1,"stat.crouchOneCm":2137,"stat.pickup.minecraft.rail":1,"stat.craftItem.minecraft.diamond":9,"stat.craftItem.minecraft.iron_helmet":1,"stat.pickup.minecraft.dirt":5,"stat.useItem.minecraft.stone_slab2":9,"stat.pickup.minecraft.bow":1,"stat.pickup.minecraft.melon":2,"stat.pickup.minecraft.iron_boots":3,"stat.useItem.minecraft.water_bucket":2,"stat.useItem.minecraft.cooked_chicken":1,"stat.craftingTableInteraction":5,"stat.pickup.minecraft.diamond_horse_armor":3,"stat.pickup.minecraft.heavy_weighted_pressure_plate":2,"stat.pickup.minecraft.milk_bucket":2,"stat.pickup.minecraft.cooked_rabbit":6,"stat.pickup.minecraft.splash_potion":1,"stat.pickup.minecraft.golden_axe":2,"stat.pickup.minecraft.iron_axe":2,"stat.craftItem.minecraft.iron_boots":1,"stat.pickup.minecraft.wooden_pickaxe":1,"stat.pickup.minecraft.anvil":1,"stat.damageTaken":22460,"stat.pickup.minecraft.feather":3,"stat.pickup.minecraft.bucket":2,"stat.craftItem.minecraft.wooden_button":32,"stat.tradedWithVillager":2,"stat.pickup.minecraft.slime":19,"stat.pickup.minecraft.quartz_stairs":1,"stat.pickup.minecraft.wooden_hoe":2,"stat.pickup.minecraft.dye":106,"stat.aviateOneCm":1337924,"stat.pickup.minecraft.planks":46,"stat.pickup.minecraft.prismarine_crystals":3,"stat.pickup.minecraft.iron_leggings":2,"stat.flyOneCm":215568,"stat.mineBlock.minecraft.emerald_block":1,"stat.pickup.minecraft.concrete":1,"stat.pickup.minecraft.quartz_block":2,"stat.pickup.minecraft.rabbit_hide":1,"stat.pickup.minecraft.golden_pickaxe":2,"stat.pickup.minecraft.dragon_egg":1,"stat.damageDealt":3665,"stat.killEntity.Rabbit":1,"stat.timeSinceDeath":30,"stat.useItem.minecraft.iron_pickaxe":10,"stat.mineBlock.minecraft.dirt":3,"stat.pickup.minecraft.stained_hardened_clay":4,"stat.pickup.minecraft.record_wait":1,"stat.pickup.minecraft.mutton":4,"stat.walkOneCm":220999,"stat.pickup.minecraft.golden_apple":2,"stat.playerKills":19,"stat.pickup.minecraft.wooden_axe":2,"stat.useItem.minecraft.pumpkin":1,"stat.pickup.minecraft.wooden_shovel":1,"stat.useItem.minecraft.lava_bucket":4,"stat.pickup.minecraft.golden_hoe":1,"stat.pickup.minecraft.iron_hoe":1,"stat.talkedToVillager":4,"stat.pickup.minecraft.wooden_sword":1,"stat.pickup.minecraft.string":20,"stat.mineBlock.minecraft.lapis_block":8,"stat.craftItem.minecraft.diamond_boots":1,"stat.useItem.minecraft.milk_bucket":1,"stat.pickup.minecraft.hay_block":8,"stat.drop.minecraft.planks":27,"stat.pickup.minecraft.nether_star":1,"stat.drop.minecraft.gold_nugget":1,"stat.useItem.minecraft.stained_hardened_clay":2,"stat.sprintOneCm":114166,"stat.pickup.minecraft.iron_chestplate":1,"stat.pickup.minecraft.ladder":1,"stat.pickup.minecraft.apple":1,"stat.pickup.minecraft.skull":7,"stat.useItem.minecraft.fireworks":4,"stat.craftItem.minecraft.stick":4,"stat.pickup.minecraft.gold_ingot":65,"stat.pickup.lucky.lucky_potion":19,"stat.craftItem.minecraft.planks":128,"stat.pickup.minecraft.potion":1,"stat.killEntity.Chicken":2,"stat.killEntity.Spider":3,"stat.useItem.minecraft.wooden_button":5,"stat.drop.minecraft.fireworks":1,"stat.pickup.minecraft.golden_horse_armor":2,"stat.pickup.minecraft.emerald":56,"stat.mobKills":10,"stat.useItem.minecraft.bucket":4,"stat.pickup.minecraft.golden_sword":1,"stat.entityKilledBy.Creeper":1,"stat.pickup.minecraft.spawn_egg":1,"stat.pickup.minecraft.sugar":14,"stat.useItem.minecraft.golden_apple":4,"stat.deaths":66,"stat.pickup.minecraft.water_bucket":2,"stat.pickup.minecraft.golden_shovel":1,"stat.mineBlock.minecraft.planks":9,"stat.drop":29,"stat.pickup.minecraft.diamond":61,"stat.pickup.minecraft.iron_horse_armor":1,"stat.playOneMinute":63317,"stat.pickup.minecraft.jukebox":1,"stat.killEntity.Sheep":1,"stat.sneakTime":1865,"stat.useItem.lucky.lucky_sword":183,"stat.craftItem.minecraft.iron_pickaxe":1,"stat.pickup.minecraft.diamond_block":1,"stat.pickup.minecraft.rabbit":10,"stat.pickup.minecraft.lava_bucket":2,"stat.pickup.minecraft.rabbit_stew":1,"stat.pickup.minecraft.item_frame":2,"stat.pickup.lucky.lucky_sword":1,"stat.diveOneCm":8186,"stat.useItem.minecraft.fishing_rod":12,"stat.pickup.minecraft.cooked_mutton":1}