{"stat.chestOpened":5,"stat.walkOneCm":28053,"stat.pickup.minecraft.armor_stand":1,"stat.useItem.minecraft.quartz_block":2,"stat.playerKills":1,"stat.craftItem.minecraft.diamond_leggings":1,"stat.pickup.minecraft.stick":1,"stat.pickup.minecraft.stone_pickaxe":1,"stat.pickup.minecraft.leather_chestplate":1,"stat.talkedToVillager":4,"stat.pickup.minecraft.sponge":1,"stat.jump":268,"stat.fallOneCm":2576,"stat.mineBlock.lucky.lucky_block":17,"stat.pickup.minecraft.carrot":1,"stat.crouchOneCm":302,"stat.useItem.minecraft.stained_hardened_clay":1,"stat.pickup.minecraft.painting":4,"stat.sprintOneCm":44969,"stat.useItem.minecraft.stone_slab2":2,"stat.pickup.minecraft.skull":1,"stat.pickup.minecraft.gold_ingot":22,"stat.pickup.minecraft.rotten_flesh":1,"stat.pickup.minecraft.heavy_weighted_pressure_plate":2,"stat.pickup.lucky.lucky_potion":13,"stat.pickup.minecraft.potion":1,"stat.damageTaken":4216,"stat.tradedWithVillager":1,"stat.mobKills":2,"stat.pickup.minecraft.emerald":21,"stat.pickup.minecraft.leather_leggings":1,"stat.pickup.minecraft.iron_trapdoor":1,"stat.pickup.minecraft.leather_boots":1,"stat.pickup.minecraft.dye":30,"stat.pickup.minecraft.prismarine_crystals":3,"stat.pickup.minecraft.spawn_egg":5,"stat.useItem.minecraft.golden_apple":1,"stat.flyOneCm":40467,"stat.drop.minecraft.heavy_weighted_pressure_plate":2,"stat.deaths":17,"stat.drop":2,"stat.pickup.minecraft.quartz_block":11,"stat.pickup.minecraft.diamond":22,"stat.playOneMinute":13194,"stat.entityKilledBy.Zombie":1,"stat.sneakTime":220,"stat.damageDealt":544,"stat.pickup.minecraft.beacon":2,"stat.killEntity.Zombie":1,"stat.timeSinceDeath":451,"stat.pickup.minecraft.stone_slab":6,"stat.pickup.minecraft.stained_hardened_clay":2,"stat.pickup.lucky.lucky_sword":1}