{"stat.chestOpened":1,"stat.walkOneCm":15417,"stat.pickup.minecraft.milk_bucket":1,"stat.playerKills":1,"stat.pickup.minecraft.cake":1,"stat.damageTaken":2316,"stat.pickup.minecraft.bucket":2,"stat.pickup.minecraft.obsidian":14,"stat.mobKills":4,"stat.useItem.minecraft.bucket":1,"stat.useItem.minecraft.diamond_sword":17,"stat.flyOneCm":91092,"stat.deaths":9,"stat.pickup.minecraft.diamond_sword":1,"stat.pickup.minecraft.water_bucket":1,"stat.jump":320,"stat.mineBlock.minecraft.leaves":6,"stat.playOneMinute":11472,"stat.fallOneCm":4534,"stat.entityKilledBy.Zombie":3,"stat.mineBlock.lucky.lucky_block":6,"stat.sneakTime":340,"stat.pickup.minecraft.cooked_porkchop":11,"stat.pickup.minecraft.lava_bucket":2,"stat.damageDealt":641,"stat.crouchOneCm":615,"stat.timeSinceDeath":334,"stat.useItem.minecraft.obsidian":3,"stat.sprintOneCm":33113,"stat.killEntity.Pig":3,"stat.useItem.minecraft.water_bucket":1}