{"stat.chestOpened":27,"stat.craftItem.minecraft.diamond_chestplate":1,"stat.useItem.minecraft.bow":5,"stat.pickup.minecraft.bone":2,"stat.drop.minecraft.sugar":2,"stat.pickup.minecraft.stone_pressure_plate":1,"stat.pickup.minecraft.redstone_torch":8,"stat.craftItem.minecraft.diamond_leggings":1,"stat.useItem.lucky.lucky_potion":39,"stat.pickup.minecraft.iron_sword":2,"stat.pickup.minecraft.arrow":4,"stat.killEntity.Slime":8,"stat.pickup.minecraft.stone_pickaxe":1,"stat.pickup.minecraft.wooden_pressure_plate":2,"stat.pickup.minecraft.leather_chestplate":1,"stat.pickup.minecraft.obsidian":28,"stat.pickup.minecraft.lapis_block":5,"stat.useItem.minecraft.diamond_sword":133,"stat.craftItem.minecraft.diamond_helmet":1,"stat.pickup.minecraft.diamond_sword":1,"stat.mineBlock.minecraft.gold_block":1,"stat.mineBlock.minecraft.stained_glass":4,"stat.pickup.minecraft.fishing_rod":1,"stat.jump":1108,"stat.swimOneCm":15215,"stat.mineBlock.minecraft.diamond_block":1,"stat.pickup.minecraft.iron_helmet":4,"stat.pickup.minecraft.cooked_chicken":5,"stat.fallOneCm":73767,"stat.climbOneCm":32706,"stat.pickup.minecraft.enchanted_book":14,"stat.pickup.minecraft.iron_ingot":20,"stat.mineBlock.minecraft.web":4,"stat.mineBlock.lucky.lucky_block":40,"stat.pickup.minecraft.carrot":10,"stat.pickup.minecraft.cooked_porkchop":57,"stat.pickup.minecraft.porkchop":2,"stat.crouchOneCm":2961,"stat.craftItem.minecraft.diamond":9,"stat.useItem.minecraft.obsidian":27,"stat.pickup.minecraft.sticky_piston":4,"stat.pickup.minecraft.golden_helmet":1,"stat.useItem.minecraft.stone_slab2":8,"stat.pickup.minecraft.bow":2,"stat.pickup.minecraft.melon":2,"stat.pickup.minecraft.iron_boots":4,"stat.useItem.minecraft.water_bucket":15,"stat.useItem.minecraft.cooked_chicken":1,"stat.craftingTableInteraction":5,"stat.pickup.minecraft.rotten_flesh":5,"stat.pickup.minecraft.diamond_horse_armor":1,"stat.craftItem.minecraft.golden_apple":2,"stat.pickup.minecraft.milk_bucket":1,"stat.drop.minecraft.golden_helmet":1,"stat.pickup.minecraft.cookie":48,"stat.drop.minecraft.golden_horse_armor":1,"stat.pickup.minecraft.pumpkin_pie":1,"stat.pickup.minecraft.anvil":1,"stat.damageTaken":17516,"stat.pickup.minecraft.bucket":6,"stat.pickup.minecraft.leather_boots":1,"stat.pickup.minecraft.gold_block":1,"stat.aviateOneCm":121745,"stat.pickup.minecraft.iron_leggings":2,"stat.pickup.minecraft.prismarine_crystals":1,"stat.flyOneCm":308455,"stat.pickup.minecraft.quartz_block":11,"stat.killEntity.Shulker":1,"stat.pickup.minecraft.fish":5,"stat.entityKilledBy.Zombie":4,"stat.useItem.minecraft.cooked_beef":1,"stat.killEntity.Villager":2,"stat.damageDealt":7220,"stat.timeSinceDeath":1566,"stat.useItem.minecraft.iron_pickaxe":2,"stat.drop.minecraft.log":1,"stat.mineBlock.minecraft.dirt":1,"stat.pickup.minecraft.stained_hardened_clay":1,"stat.killEntity.Pig":16,"stat.pickup.minecraft.mutton":1,"stat.pickup.minecraft.piston":4,"stat.walkOneCm":121208,"stat.pickup.minecraft.armor_stand":1,"stat.pickup.minecraft.golden_apple":3,"stat.playerKills":21,"stat.pickup.minecraft.cake":1,"stat.pickup.minecraft.stick":1,"stat.pickup.minecraft.chainmail_helmet":1,"stat.drop.minecraft.diamond_horse_armor":1,"stat.pickup.minecraft.noteblock":1,"stat.pickup.minecraft.wooden_shovel":1,"stat.useItem.minecraft.tnt":5,"stat.killEntity.Wolf":2,"stat.useItem.minecraft.cooked_porkchop":2,"stat.useItem.minecraft.lava_bucket":3,"stat.killEntity.Creeper":2,"stat.talkedToVillager":2,"stat.pickup.minecraft.string":5,"stat.pickup.lucky.lucky_bow":3,"stat.craftItem.minecraft.diamond_boots":1,"stat.pickup.minecraft.tnt":12,"stat.entityKilledBy.Skeleton":1,"stat.craftItem.minecraft.gold_ingot":9,"stat.pickup.minecraft.hay_block":8,"stat.drop.minecraft.lapis_block":1,"stat.pickup.minecraft.baked_potato":1,"stat.sprintOneCm":151768,"stat.pickup.minecraft.iron_chestplate":2,"stat.useItem.minecraft.redstone_ore":6,"stat.pickup.minecraft.ladder":19,"stat.pickup.minecraft.apple":3,"stat.pickup.minecraft.cooked_beef":3,"stat.pickup.minecraft.skull":2,"stat.useItem.minecraft.fireworks":2,"stat.pickup.minecraft.gold_ingot":18,"stat.killEntity.Skeleton":1,"stat.pickup.lucky.lucky_potion":38,"stat.entityKilledBy.Wolf":2,"stat.itemEnchanted":4,"stat.drop.minecraft.golden_chestplate":1,"stat.mineBlock.minecraft.sea_lantern":1,"stat.killEntity.Spider":1,"stat.pickup.minecraft.golden_carrot":4,"stat.drop.minecraft.iron_horse_armor":1,"stat.pickup.minecraft.golden_horse_armor":1,"stat.mobKills":50,"stat.pickup.minecraft.emerald":20,"stat.pickup.minecraft.diamond_chestplate":1,"stat.pickup.minecraft.leather_leggings":1,"stat.useItem.minecraft.bucket":16,"stat.pickup.minecraft.sugar":33,"stat.useItem.minecraft.golden_apple":2,"stat.pickup.minecraft.lever":3,"stat.deaths":62,"stat.pickup.minecraft.water_bucket":1,"stat.pickup.minecraft.diamond":17,"stat.drop":9,"stat.mineBlock.minecraft.leaves":6,"stat.pickup.minecraft.iron_horse_armor":3,"stat.playOneMinute":59172,"stat.entityKilledBy.Slime":2,"stat.sneakTime":870,"stat.useItem.lucky.lucky_sword":45,"stat.pickup.minecraft.diamond_block":1,"stat.pickup.minecraft.lava_bucket":2,"stat.pickup.minecraft.golden_chestplate":1,"stat.pickup.minecraft.rabbit_stew":8,"stat.killEntity.Zombie":1,"stat.craftItem.minecraft.dye":63,"stat.pickup.minecraft.cooked_fish":2,"stat.pickup.minecraft.stone_slab":1,"stat.pickup.minecraft.dispenser":2,"stat.pickup.lucky.lucky_sword":3,"stat.diveOneCm":25087,"stat.pickup.minecraft.cooked_mutton":1}