{"stat.chestOpened":6,"stat.walkOneCm":38787,"stat.pickup.minecraft.armor_stand":1,"stat.pickup.minecraft.bone":2,"stat.playerKills":8,"stat.pickup.minecraft.cake":1,"stat.pickup.minecraft.chainmail_helmet":1,"stat.killEntity.Slime":8,"stat.pickup.minecraft.stone_pickaxe":1,"stat.pickup.minecraft.leather_chestplate":1,"stat.useItem.minecraft.lava_bucket":1,"stat.pickup.minecraft.obsidian":28,"stat.useItem.minecraft.diamond_sword":86,"stat.talkedToVillager":2,"stat.pickup.minecraft.diamond_sword":1,"stat.pickup.lucky.lucky_bow":2,"stat.jump":538,"stat.swimOneCm":3063,"stat.pickup.minecraft.iron_helmet":1,"stat.fallOneCm":32583,"stat.climbOneCm":30967,"stat.mineBlock.lucky.lucky_block":23,"stat.mineBlock.minecraft.web":3,"stat.pickup.minecraft.cooked_porkchop":54,"stat.pickup.minecraft.carrot":10,"stat.entityKilledBy.Skeleton":1,"stat.crouchOneCm":700,"stat.useItem.minecraft.obsidian":3,"stat.sprintOneCm":56134,"stat.pickup.minecraft.bow":2,"stat.pickup.minecraft.skull":2,"stat.pickup.minecraft.iron_boots":1,"stat.useItem.minecraft.water_bucket":2,"stat.killEntity.Skeleton":1,"stat.pickup.minecraft.milk_bucket":1,"stat.pickup.lucky.lucky_potion":25,"stat.damageTaken":6922,"stat.pickup.minecraft.bucket":2,"stat.pickup.minecraft.golden_carrot":4,"stat.mobKills":30,"stat.pickup.minecraft.leather_leggings":1,"stat.pickup.minecraft.leather_boots":1,"stat.useItem.minecraft.bucket":1,"stat.flyOneCm":129186,"stat.deaths":26,"stat.pickup.minecraft.water_bucket":1,"stat.mineBlock.minecraft.leaves":6,"stat.pickup.minecraft.iron_horse_armor":2,"stat.playOneMinute":23172,"stat.entityKilledBy.Zombie":4,"stat.entityKilledBy.Slime":2,"stat.sneakTime":374,"stat.useItem.lucky.lucky_sword":18,"stat.pickup.minecraft.lava_bucket":2,"stat.killEntity.Villager":2,"stat.damageDealt":4711,"stat.pickup.minecraft.rabbit_stew":7,"stat.timeSinceDeath":164,"stat.killEntity.Pig":16,"stat.pickup.lucky.lucky_sword":2,"stat.diveOneCm":689}