{"stat.chestOpened":16,"stat.craftItem.minecraft.diamond_chestplate":1,"stat.useItem.minecraft.quartz_block":2,"stat.recordPlayed":1,"stat.craftItem.minecraft.diamond_leggings":2,"stat.pickup.minecraft.stone_pressure_plate":6,"stat.pickup.minecraft.redstone_torch":16,"stat.pickup.minecraft.arrow":29,"stat.pickup.minecraft.record_blocks":1,"stat.pickup.minecraft.iron_sword":1,"stat.pickup.minecraft.stone_pickaxe":1,"stat.pickup.minecraft.wooden_pressure_plate":6,"stat.pickup.minecraft.leather_chestplate":1,"stat.pickup.minecraft.obsidian":14,"stat.craftItem.minecraft.diamond_helmet":1,"stat.jump":420,"stat.swimOneCm":7564,"stat.fallOneCm":8375,"stat.climbOneCm":2959,"stat.mineBlock.lucky.lucky_block":45,"stat.pickup.minecraft.carrot":1,"stat.crouchOneCm":306,"stat.pickup.minecraft.sticky_piston":4,"stat.useItem.minecraft.obsidian":1,"stat.pickup.minecraft.painting":4,"stat.useItem.minecraft.stone_button":1,"stat.useItem.minecraft.stone_slab2":11,"stat.drop.minecraft.dragon_egg":1,"stat.drop.minecraft.iron_sword":1,"stat.craftingTableInteraction":2,"stat.pickup.minecraft.rotten_flesh":2,"stat.pickup.minecraft.heavy_weighted_pressure_plate":2,"stat.pickup.minecraft.repeater":8,"stat.mineBlock.minecraft.glass_pane":1,"stat.craftItem.minecraft.iron_boots":1,"stat.damageTaken":6748,"stat.drop.minecraft.iron_hoe":1,"stat.tradedWithVillager":1,"stat.pickup.minecraft.iron_trapdoor":1,"stat.pickup.minecraft.leather_boots":1,"stat.pickup.minecraft.dye":30,"stat.aviateOneCm":245444,"stat.pickup.minecraft.prismarine_crystals":3,"stat.drop.minecraft.heavy_weighted_pressure_plate":2,"stat.flyOneCm":79131,"stat.pickup.minecraft.quartz_block":11,"stat.entityKilledBy.Zombie":1,"stat.killEntity.Villager":1,"stat.pickup.minecraft.dragon_egg":2,"stat.damageDealt":1137,"stat.timeSinceDeath":3563,"stat.pickup.minecraft.stained_hardened_clay":2,"stat.pickup.minecraft.piston":4,"stat.walkOneCm":49988,"stat.pickup.minecraft.armor_stand":1,"stat.playerKills":1,"stat.pickup.minecraft.stick":1,"stat.drop.minecraft.rotten_flesh":1,"stat.pickup.minecraft.noteblock":1,"stat.pickup.minecraft.iron_hoe":1,"stat.talkedToVillager":5,"stat.pickup.minecraft.sponge":1,"stat.pickup.lucky.lucky_bow":1,"stat.pickup.minecraft.tnt":12,"stat.pickup.minecraft.nether_star":1,"stat.useItem.minecraft.stained_hardened_clay":1,"stat.sprintOneCm":71196,"stat.pickup.minecraft.wooden_door":1,"stat.pickup.minecraft.skull":1,"stat.useItem.minecraft.fireworks":1,"stat.pickup.minecraft.gold_ingot":22,"stat.pickup.lucky.lucky_potion":13,"stat.useItem.minecraft.iron_sword":1,"stat.pickup.minecraft.potion":1,"stat.pickup.minecraft.fireworks":1,"stat.mineBlock.minecraft.sea_lantern":1,"stat.mobKills":5,"stat.pickup.minecraft.emerald":21,"stat.pickup.minecraft.leather_leggings":1,"stat.entityKilledBy.Creeper":1,"stat.pickup.minecraft.spawn_egg":5,"stat.useItem.minecraft.golden_apple":2,"stat.pickup.minecraft.lever":2,"stat.deaths":25,"stat.drop":6,"stat.pickup.minecraft.diamond":42,"stat.playOneMinute":24894,"stat.pickup.minecraft.stone_button":2,"stat.pickup.minecraft.jukebox":1,"stat.sneakTime":223,"stat.useItem.lucky.lucky_sword":18,"stat.pickup.minecraft.beacon":3,"stat.killEntity.Zombie":1,"stat.pickup.minecraft.stone_slab":6,"stat.pickup.minecraft.dispenser":3,"stat.pickup.lucky.lucky_sword":2,"stat.diveOneCm":8583}