{"stat.chestOpened":22,"stat.craftItem.minecraft.diamond_chestplate":1,"stat.useItem.minecraft.bow":3,"stat.pickup.minecraft.bone":2,"stat.pickup.minecraft.stone_pressure_plate":1,"stat.pickup.minecraft.redstone_torch":8,"stat.craftItem.minecraft.diamond_leggings":1,"stat.killEntity.Slime":8,"stat.pickup.minecraft.stone_pickaxe":1,"stat.pickup.minecraft.wooden_pressure_plate":2,"stat.pickup.minecraft.leather_chestplate":1,"stat.pickup.minecraft.obsidian":28,"stat.pickup.minecraft.lapis_block":5,"stat.useItem.minecraft.diamond_sword":111,"stat.craftItem.minecraft.diamond_helmet":1,"stat.pickup.minecraft.diamond_sword":1,"stat.pickup.minecraft.fishing_rod":1,"stat.jump":664,"stat.swimOneCm":3063,"stat.mineBlock.minecraft.diamond_block":1,"stat.pickup.minecraft.iron_helmet":1,"stat.fallOneCm":51694,"stat.climbOneCm":32263,"stat.pickup.minecraft.enchanted_book":7,"stat.pickup.minecraft.iron_ingot":20,"stat.mineBlock.minecraft.web":3,"stat.mineBlock.lucky.lucky_block":37,"stat.pickup.minecraft.carrot":10,"stat.pickup.minecraft.cooked_porkchop":54,"stat.crouchOneCm":700,"stat.craftItem.minecraft.diamond":9,"stat.useItem.minecraft.obsidian":11,"stat.pickup.minecraft.sticky_piston":4,"stat.useItem.minecraft.stone_slab2":3,"stat.pickup.minecraft.bow":2,"stat.pickup.minecraft.iron_boots":1,"stat.useItem.minecraft.water_bucket":2,"stat.craftingTableInteraction":5,"stat.craftItem.minecraft.golden_apple":2,"stat.pickup.minecraft.milk_bucket":1,"stat.damageTaken":12588,"stat.pickup.minecraft.bucket":6,"stat.pickup.minecraft.leather_boots":1,"stat.aviateOneCm":121745,"stat.flyOneCm":199309,"stat.pickup.minecraft.quartz_block":11,"stat.killEntity.Shulker":1,"stat.entityKilledBy.Zombie":4,"stat.killEntity.Villager":2,"stat.damageDealt":5905,"stat.timeSinceDeath":4239,"stat.useItem.minecraft.iron_pickaxe":1,"stat.pickup.minecraft.stained_hardened_clay":1,"stat.killEntity.Pig":16,"stat.pickup.minecraft.piston":4,"stat.walkOneCm":64616,"stat.pickup.minecraft.armor_stand":1,"stat.playerKills":12,"stat.pickup.minecraft.cake":1,"stat.pickup.minecraft.stick":1,"stat.pickup.minecraft.chainmail_helmet":1,"stat.pickup.minecraft.noteblock":1,"stat.pickup.minecraft.wooden_shovel":1,"stat.killEntity.Wolf":2,"stat.useItem.minecraft.lava_bucket":1,"stat.talkedToVillager":2,"stat.pickup.lucky.lucky_bow":3,"stat.craftItem.minecraft.diamond_boots":1,"stat.pickup.minecraft.tnt":6,"stat.entityKilledBy.Skeleton":1,"stat.pickup.minecraft.hay_block":8,"stat.sprintOneCm":91080,"stat.pickup.minecraft.ladder":19,"stat.pickup.minecraft.apple":2,"stat.pickup.minecraft.skull":2,"stat.useItem.minecraft.fireworks":2,"stat.pickup.minecraft.gold_ingot":18,"stat.killEntity.Skeleton":1,"stat.pickup.lucky.lucky_potion":38,"stat.entityKilledBy.Wolf":2,"stat.itemEnchanted":4,"stat.pickup.minecraft.golden_carrot":4,"stat.mobKills":34,"stat.pickup.minecraft.emerald":20,"stat.pickup.minecraft.leather_leggings":1,"stat.useItem.minecraft.bucket":1,"stat.pickup.minecraft.lever":3,"stat.deaths":48,"stat.pickup.minecraft.water_bucket":1,"stat.pickup.minecraft.diamond":17,"stat.mineBlock.minecraft.leaves":6,"stat.pickup.minecraft.iron_horse_armor":2,"stat.playOneMinute":34872,"stat.entityKilledBy.Slime":2,"stat.sneakTime":374,"stat.useItem.lucky.lucky_sword":19,"stat.pickup.minecraft.diamond_block":1,"stat.pickup.minecraft.lava_bucket":2,"stat.pickup.minecraft.rabbit_stew":7,"stat.craftItem.minecraft.dye":63,"stat.pickup.minecraft.dispenser":2,"stat.pickup.lucky.lucky_sword":2,"stat.diveOneCm":689}