{"stat.chestOpened":4,"stat.walkOneCm":48420,"stat.pickup.minecraft.armor_stand":1,"stat.pickup.minecraft.golden_apple":5,"stat.pickup.minecraft.stone_pickaxe":2,"stat.pickup.minecraft.stone_axe":1,"stat.pickup.minecraft.leather_chestplate":1,"stat.killEntity.Creeper":1,"stat.useItem.minecraft.diamond_sword":9,"stat.pickup.minecraft.diamond_sword":1,"stat.jump":107,"stat.swimOneCm":1475,"stat.fallOneCm":5894,"stat.climbOneCm":3100,"stat.mineBlock.lucky.lucky_block":25,"stat.pickup.minecraft.gunpowder":1,"stat.pickup.minecraft.leather_helmet":1,"stat.pickup.minecraft.dropper":8,"stat.sprintOneCm":28745,"stat.useItem.minecraft.stone_slab2":2,"stat.pickup.minecraft.skull":1,"stat.useItem.minecraft.water_bucket":1,"stat.pickup.minecraft.stone_shovel":1,"stat.drop.minecraft.fish":1,"stat.pickup.minecraft.milk_bucket":2,"stat.mineBlock.minecraft.glass_pane":4,"stat.damageTaken":1865,"stat.killEntity.Spider":1,"stat.drop.minecraft.dropper":8,"stat.pickup.minecraft.bucket":2,"stat.mobKills":2,"stat.pickup.minecraft.leather_leggings":2,"stat.pickup.minecraft.leather_boots":2,"stat.useItem.minecraft.bucket":1,"stat.flyOneCm":22907,"stat.pickup.minecraft.water_bucket":1,"stat.deaths":6,"stat.drop":9,"stat.playOneMinute":20589,"stat.pickup.minecraft.fish":1,"stat.entityKilledBy.Zombie":1,"stat.entityKilledBy.Slime":2,"stat.sneakTime":33,"stat.pickup.minecraft.lava_bucket":1,"stat.damageDealt":391,"stat.pickup.minecraft.rabbit_stew":6,"stat.timeSinceDeath":679,"stat.diveOneCm":253}