{"stat.chestOpened":14,"stat.pickup.minecraft.piston":8,"stat.pickup.minecraft.tripwire_hook":4,"stat.walkOneCm":60748,"stat.playerKills":5,"stat.pickup.minecraft.redstone_torch":8,"stat.pickup.minecraft.stone_pressure_plate":4,"stat.pickup.minecraft.arrow":26,"stat.pickup.minecraft.light_weighted_pressure_plate":2,"stat.pickup.minecraft.noteblock":1,"stat.pickup.minecraft.wooden_pressure_plate":4,"stat.pickup.minecraft.redstone_lamp":8,"stat.pickup.minecraft.trapdoor":4,"stat.pickup.minecraft.diamond_shovel":1,"stat.pickup.minecraft.obsidian":14,"stat.pickup.minecraft.wooden_button":4,"stat.useItem.minecraft.diamond_sword":5,"stat.pickup.minecraft.fence_gate":2,"stat.pickup.minecraft.diamond_sword":1,"stat.pickup.lucky.lucky_bow":1,"stat.jump":346,"stat.swimOneCm":45,"stat.fallOneCm":23891,"stat.climbOneCm":28777,"stat.mineBlock.lucky.lucky_block":26,"stat.pickup.minecraft.tnt":6,"stat.entityKilledBy.Skeleton":1,"stat.pickup.minecraft.hopper":8,"stat.crouchOneCm":123,"stat.pickup.minecraft.dropper":4,"stat.pickup.minecraft.sticky_piston":8,"stat.useItem.minecraft.obsidian":1,"stat.sprintOneCm":33103,"stat.pickup.minecraft.wooden_door":2,"stat.useItem.minecraft.stone_slab2":3,"stat.pickup.minecraft.bow":1,"stat.useItem.minecraft.redstone_ore":1,"stat.pickup.minecraft.skull":1,"stat.pickup.minecraft.gold_ingot":13,"stat.pickup.minecraft.rotten_flesh":1,"stat.pickup.minecraft.heavy_weighted_pressure_plate":2,"stat.pickup.minecraft.comparator":4,"stat.pickup.lucky.lucky_potion":14,"stat.pickup.minecraft.daylight_detector":2,"stat.pickup.minecraft.repeater":16,"stat.damageTaken":4613,"stat.useItem.minecraft.stone_pressure_plate":1,"stat.pickup.minecraft.diamond_boots":1,"stat.pickup.minecraft.iron_trapdoor":4,"stat.pickup.minecraft.diamond_hoe":1,"stat.pickup.minecraft.spawn_egg":4,"stat.flyOneCm":71582,"stat.pickup.minecraft.lever":4,"stat.deaths":15,"stat.pickup.minecraft.iron_door":2,"stat.playOneMinute":18338,"stat.pickup.minecraft.stone_button":4,"stat.useItem.lucky.lucky_sword":1,"stat.sneakTime":75,"stat.damageDealt":374,"stat.pickup.minecraft.redstone":58,"stat.pickup.minecraft.beacon":1,"stat.timeSinceDeath":2674,"stat.pickup.minecraft.dispenser":4,"stat.pickup.lucky.lucky_sword":1}