{"stat.chestOpened":15,"stat.pickup.minecraft.tripwire_hook":4,"stat.pickup.minecraft.bone":2,"stat.pickup.minecraft.redstone_torch":8,"stat.pickup.minecraft.stone_pressure_plate":4,"stat.pickup.minecraft.sign":1,"stat.pickup.minecraft.arrow":26,"stat.useItem.lucky.lucky_potion":8,"stat.pickup.minecraft.wooden_pressure_plate":4,"stat.pickup.minecraft.obsidian":28,"stat.useItem.minecraft.diamond_sword":6,"stat.pickup.minecraft.diamond_sword":1,"stat.jump":517,"stat.swimOneCm":910,"stat.fallOneCm":29845,"stat.climbOneCm":28777,"stat.pickup.minecraft.enchanted_book":5,"stat.mineBlock.lucky.lucky_block":44,"stat.pickup.minecraft.cooked_porkchop":8,"stat.pickup.minecraft.porkchop":14,"stat.crouchOneCm":123,"stat.pickup.minecraft.dropper":4,"stat.pickup.minecraft.sticky_piston":8,"stat.useItem.minecraft.obsidian":1,"stat.useItem.minecraft.stone_slab2":7,"stat.pickup.minecraft.bow":1,"stat.pickup.minecraft.iron_boots":1,"stat.pickup.minecraft.rotten_flesh":1,"stat.pickup.minecraft.heavy_weighted_pressure_plate":2,"stat.pickup.minecraft.comparator":4,"stat.pickup.minecraft.daylight_detector":2,"stat.pickup.minecraft.repeater":16,"stat.pickup.minecraft.anvil":1,"stat.damageTaken":6084,"stat.pickup.minecraft.leather":6,"stat.pickup.minecraft.bucket":2,"stat.pickup.minecraft.ender_eye":5,"stat.pickup.minecraft.iron_trapdoor":4,"stat.aviateOneCm":33662,"stat.pickup.minecraft.diamond_hoe":1,"stat.pickup.minecraft.iron_leggings":1,"stat.pickup.minecraft.diamond_leggings":1,"stat.flyOneCm":107606,"stat.pickup.minecraft.concrete":2,"stat.pickup.minecraft.rabbit_hide":2,"stat.damageDealt":874,"stat.pickup.minecraft.redstone":58,"stat.timeSinceDeath":3518,"stat.pickup.minecraft.shulker_shell":1,"stat.pickup.minecraft.mutton":2,"stat.pickup.minecraft.piston":8,"stat.walkOneCm":110890,"stat.playerKills":8,"stat.pickup.minecraft.light_weighted_pressure_plate":2,"stat.pickup.minecraft.noteblock":1,"stat.useItem.minecraft.tnt":1,"stat.pickup.minecraft.redstone_lamp":8,"stat.pickup.minecraft.trapdoor":4,"stat.pickup.minecraft.diamond_shovel":1,"stat.pickup.minecraft.wooden_button":4,"stat.pickup.minecraft.wooden_sword":2,"stat.pickup.minecraft.fence_gate":2,"stat.pickup.lucky.lucky_bow":1,"stat.useItem.lucky.lucky_block":1,"stat.pickup.minecraft.tnt":6,"stat.entityKilledBy.Skeleton":1,"stat.pickup.minecraft.hopper":8,"stat.pickup.minecraft.nether_star":1,"stat.pickup.minecraft.ender_pearl":10,"stat.sprintOneCm":62890,"stat.pickup.minecraft.wooden_door":2,"stat.pickup.minecraft.iron_chestplate":1,"stat.useItem.minecraft.redstone_ore":2,"stat.pickup.minecraft.skull":1,"stat.pickup.minecraft.gold_ingot":14,"stat.pickup.lucky.lucky_potion":14,"stat.pickup.minecraft.fireworks":181,"stat.pickup.minecraft.diamond_helmet":1,"stat.useItem.minecraft.stone_pressure_plate":1,"stat.pickup.minecraft.golden_horse_armor":1,"stat.pickup.minecraft.saddle":2,"stat.mobKills":2,"stat.pickup.minecraft.diamond_boots":1,"stat.pickup.minecraft.spawn_egg":5,"stat.useItem.minecraft.golden_apple":1,"stat.pickup.minecraft.lever":4,"stat.deaths":20,"stat.pickup.minecraft.iron_door":2,"stat.pickup.minecraft.diamond":20,"stat.playOneMinute":30038,"stat.pickup.minecraft.stone_button":4,"stat.useItem.lucky.lucky_sword":15,"stat.sneakTime":75,"stat.pickup.minecraft.slime_ball":2,"stat.pickup.minecraft.wool":2,"stat.pickup.minecraft.rabbit":1,"stat.pickup.minecraft.beacon":1,"stat.pickup.minecraft.stone_slab":1,"stat.pickup.minecraft.dispenser":4,"stat.pickup.lucky.lucky_sword":2}