{"stat.chestOpened":3,"stat.pickup.minecraft.piston":4,"stat.pickup.minecraft.tripwire_hook":2,"stat.walkOneCm":23218,"stat.pickup.minecraft.heavy_weighted_pressure_plate":1,"stat.pickup.minecraft.comparator":2,"stat.pickup.minecraft.daylight_detector":1,"stat.pickup.minecraft.redstone_torch":8,"stat.pickup.minecraft.stone_pressure_plate":2,"stat.pickup.minecraft.repeater":8,"stat.pickup.minecraft.arrow":23,"stat.pickup.minecraft.light_weighted_pressure_plate":1,"stat.pickup.minecraft.noteblock":1,"stat.damageTaken":1548,"stat.pickup.minecraft.wooden_pressure_plate":2,"stat.pickup.minecraft.redstone_lamp":4,"stat.pickup.minecraft.trapdoor":2,"stat.pickup.minecraft.obsidian":14,"stat.pickup.minecraft.iron_trapdoor":2,"stat.pickup.minecraft.wooden_button":2,"stat.flyOneCm":31375,"stat.pickup.minecraft.lever":2,"stat.deaths":6,"stat.pickup.minecraft.fence_gate":1,"stat.pickup.minecraft.iron_door":1,"stat.jump":127,"stat.playOneMinute":6638,"stat.fallOneCm":3345,"stat.pickup.minecraft.stone_button":2,"stat.mineBlock.lucky.lucky_block":10,"stat.pickup.minecraft.tnt":6,"stat.damageDealt":65,"stat.pickup.minecraft.redstone":58,"stat.pickup.minecraft.hopper":4,"stat.pickup.minecraft.beacon":1,"stat.timeSinceDeath":1480,"stat.pickup.minecraft.dropper":2,"stat.pickup.minecraft.sticky_piston":4,"stat.pickup.minecraft.dispenser":2,"stat.sprintOneCm":17241,"stat.pickup.minecraft.wooden_door":1,"stat.useItem.minecraft.stone_slab2":1,"stat.pickup.minecraft.bow":1,"stat.pickup.minecraft.skull":1}