{"stat.chestOpened":8,"stat.pickup.minecraft.stone_pressure_plate":2,"stat.pickup.minecraft.redstone_torch":8,"stat.leaveGame":2,"stat.pickup.minecraft.stone_pickaxe":2,"stat.pickup.minecraft.stone_axe":1,"stat.pickup.minecraft.leather_chestplate":1,"stat.useItem.minecraft.diamond_sword":11,"stat.pickup.minecraft.diamond_sword":1,"stat.jump":216,"stat.swimOneCm":10993,"stat.fallOneCm":34174,"stat.climbOneCm":7766,"stat.pickup.minecraft.enchanted_book":5,"stat.mineBlock.lucky.lucky_block":36,"stat.pickup.minecraft.gunpowder":1,"stat.crouchOneCm":96,"stat.pickup.minecraft.dropper":8,"stat.pickup.minecraft.sticky_piston":7,"stat.useItem.minecraft.stone_slab2":3,"stat.pickup.minecraft.bow":1,"stat.useItem.minecraft.water_bucket":1,"stat.pickup.minecraft.stone_shovel":1,"stat.pickup.minecraft.milk_bucket":2,"stat.mineBlock.minecraft.glass_pane":4,"stat.damageTaken":6378,"stat.pickup.minecraft.bucket":2,"stat.pickup.minecraft.prismarine_shard":23,"stat.pickup.minecraft.leather_boots":2,"stat.aviateOneCm":119708,"stat.flyOneCm":89274,"stat.pickup.minecraft.quartz_block":1,"stat.pickup.minecraft.fish":2,"stat.entityKilledBy.Zombie":2,"stat.damageDealt":405,"stat.pickup.minecraft.redstone":124,"stat.timeSinceDeath":0,"stat.pickup.minecraft.piston":4,"stat.walkOneCm":78976,"stat.pickup.minecraft.armor_stand":1,"stat.pickup.minecraft.golden_apple":5,"stat.pickup.minecraft.noteblock":1,"stat.killEntity.Creeper":1,"stat.pickup.minecraft.string":1,"stat.pickup.minecraft.tnt":14,"stat.pickup.minecraft.leather_helmet":1,"stat.sprintOneCm":42319,"stat.pickup.minecraft.apple":1,"stat.pickup.minecraft.skull":1,"stat.drop.minecraft.fish":1,"stat.pickup.minecraft.speckled_melon":1,"stat.entityKilledBy.Wolf":1,"stat.killEntity.Spider":1,"stat.drop.minecraft.dropper":8,"stat.mobKills":2,"stat.pickup.minecraft.leather_leggings":2,"stat.useItem.minecraft.bucket":1,"stat.useItem.minecraft.golden_apple":1,"stat.pickup.minecraft.lever":2,"stat.pickup.minecraft.water_bucket":1,"stat.deaths":24,"stat.drop":9,"stat.playOneMinute":40863,"stat.entityKilledBy.Slime":2,"stat.sneakTime":76,"stat.pickup.minecraft.wool":8,"stat.pickup.minecraft.lava_bucket":1,"stat.pickup.minecraft.rabbit_stew":7,"stat.pickup.minecraft.iron_bars":1,"stat.pickup.minecraft.stone_slab":1,"stat.pickup.minecraft.dispenser":2,"stat.diveOneCm":14881}