{"stat.chestOpened":8,"stat.pickup.minecraft.piston":4,"stat.walkOneCm":70290,"stat.pickup.minecraft.armor_stand":1,"stat.pickup.minecraft.golden_apple":5,"stat.pickup.minecraft.stone_pressure_plate":2,"stat.pickup.minecraft.redstone_torch":8,"stat.pickup.minecraft.noteblock":1,"stat.pickup.minecraft.stone_pickaxe":2,"stat.pickup.minecraft.stone_axe":1,"stat.pickup.minecraft.leather_chestplate":1,"stat.killEntity.Creeper":1,"stat.useItem.minecraft.diamond_sword":11,"stat.pickup.minecraft.string":1,"stat.pickup.minecraft.diamond_sword":1,"stat.jump":202,"stat.swimOneCm":10993,"stat.fallOneCm":16430,"stat.climbOneCm":7766,"stat.mineBlock.lucky.lucky_block":35,"stat.pickup.minecraft.tnt":14,"stat.pickup.minecraft.gunpowder":1,"stat.crouchOneCm":96,"stat.pickup.minecraft.leather_helmet":1,"stat.pickup.minecraft.dropper":8,"stat.pickup.minecraft.sticky_piston":7,"stat.sprintOneCm":41169,"stat.useItem.minecraft.stone_slab2":2,"stat.pickup.minecraft.bow":1,"stat.pickup.minecraft.skull":1,"stat.useItem.minecraft.water_bucket":1,"stat.pickup.minecraft.stone_shovel":1,"stat.drop.minecraft.fish":1,"stat.pickup.minecraft.milk_bucket":2,"stat.pickup.minecraft.speckled_melon":1,"stat.entityKilledBy.Wolf":1,"stat.mineBlock.minecraft.glass_pane":4,"stat.damageTaken":4428,"stat.killEntity.Spider":1,"stat.drop.minecraft.dropper":8,"stat.pickup.minecraft.bucket":2,"stat.mobKills":2,"stat.pickup.minecraft.leather_leggings":2,"stat.pickup.minecraft.leather_boots":2,"stat.useItem.minecraft.bucket":1,"stat.aviateOneCm":119708,"stat.flyOneCm":63732,"stat.pickup.minecraft.lever":2,"stat.pickup.minecraft.water_bucket":1,"stat.deaths":16,"stat.drop":9,"stat.playOneMinute":32289,"stat.pickup.minecraft.fish":2,"stat.entityKilledBy.Zombie":1,"stat.entityKilledBy.Slime":2,"stat.sneakTime":76,"stat.pickup.minecraft.lava_bucket":1,"stat.damageDealt":405,"stat.pickup.minecraft.redstone":124,"stat.pickup.minecraft.rabbit_stew":7,"stat.timeSinceDeath":94,"stat.pickup.minecraft.dispenser":2,"stat.diveOneCm":14881}