{"stat.pickup.minecraft.tripwire_hook":4,"stat.pickup.minecraft.bone":2,"stat.pickup.minecraft.redstone_torch":8,"stat.pickup.minecraft.stone_pressure_plate":4,"stat.leaveGame":1,"stat.useItem.lucky.lucky_potion":14,"stat.useItem.minecraft.diamond_sword":132,"stat.swimOneCm":2972,"stat.climbOneCm":28777,"stat.pickup.minecraft.enchanted_book":12,"stat.pickup.minecraft.golden_boots":1,"stat.pickup.minecraft.cooked_porkchop":11,"stat.pickup.minecraft.porkchop":21,"stat.pickup.minecraft.sticky_piston":8,"stat.useItem.minecraft.obsidian":1,"stat.useItem.minecraft.stone_slab2":9,"stat.pickup.minecraft.bow":2,"stat.pickup.minecraft.iron_boots":2,"stat.pickup.minecraft.rotten_flesh":1,"stat.pickup.minecraft.daylight_detector":2,"stat.pickup.minecraft.anvil":1,"stat.pickup.minecraft.bucket":2,"stat.pickup.minecraft.quartz_stairs":1,"stat.pickup.minecraft.iron_trapdoor":4,"stat.aviateOneCm":415104,"stat.pickup.minecraft.diamond_hoe":2,"stat.pickup.minecraft.diamond_leggings":1,"stat.flyOneCm":295095,"stat.useItem.minecraft.ender_pearl":10,"stat.useItem.minecraft.cooked_beef":1,"stat.pickup.minecraft.redstone":58,"stat.timeSinceDeath":299,"stat.pickup.minecraft.stained_hardened_clay":1,"stat.pickup.minecraft.mutton":2,"stat.pickup.minecraft.light_weighted_pressure_plate":2,"stat.pickup.minecraft.redstone_lamp":8,"stat.useItem.minecraft.cooked_porkchop":3,"stat.pickup.minecraft.trapdoor":4,"stat.pickup.minecraft.diamond_shovel":1,"stat.pickup.minecraft.wooden_button":4,"stat.talkedToVillager":1,"stat.pickup.minecraft.wooden_sword":2,"stat.pickup.minecraft.string":1,"stat.pickup.minecraft.fence_gate":2,"stat.pickup.lucky.lucky_bow":1,"stat.entityKilledBy.Skeleton":1,"stat.pickup.minecraft.nether_star":1,"stat.sprintOneCm":123126,"stat.pickup.minecraft.iron_chestplate":1,"stat.pickup.minecraft.skull":1,"stat.pickup.minecraft.fireworks":181,"stat.useItem.minecraft.stone_pressure_plate":1,"stat.pickup.minecraft.golden_horse_armor":2,"stat.pickup.minecraft.saddle":2,"stat.pickup.minecraft.diamond_chestplate":1,"stat.pickup.minecraft.spawn_egg":5,"stat.pickup.minecraft.lever":4,"stat.deaths":48,"stat.playOneMinute":66547,"stat.pickup.minecraft.stone_button":4,"stat.pickup.minecraft.slime_ball":2,"stat.pickup.minecraft.beacon":1,"stat.pickup.minecraft.dispenser":4,"stat.pickup.minecraft.cooked_mutton":1,"stat.chestOpened":16,"stat.pickup.minecraft.sign":1,"stat.pickup.minecraft.arrow":28,"stat.killEntity.Slime":1,"stat.pickup.minecraft.wooden_pressure_plate":4,"stat.pickup.minecraft.obsidian":28,"stat.pickup.minecraft.diamond_sword":1,"stat.jump":1180,"stat.fallOneCm":74007,"stat.mineBlock.lucky.lucky_block":44,"stat.crouchOneCm":2212,"stat.pickup.minecraft.dropper":4,"stat.pickup.minecraft.heavy_weighted_pressure_plate":2,"stat.pickup.minecraft.comparator":4,"stat.pickup.minecraft.repeater":16,"stat.pickup.minecraft.mushroom_stew":2,"stat.pickup.minecraft.cookie":1,"stat.damageTaken":14399,"stat.pickup.minecraft.leather":6,"stat.pickup.minecraft.ender_eye":5,"stat.pickup.minecraft.iron_leggings":3,"stat.pickup.minecraft.concrete":3,"stat.pickup.minecraft.quartz_block":3,"stat.pickup.minecraft.potato":1,"stat.pickup.minecraft.rabbit_hide":2,"stat.damageDealt":3227,"stat.pickup.minecraft.shulker_shell":1,"stat.pickup.minecraft.piston":8,"stat.walkOneCm":253925,"stat.pickup.minecraft.golden_apple":2,"stat.playerKills":21,"stat.pickup.minecraft.noteblock":1,"stat.useItem.minecraft.tnt":5,"stat.useItem.lucky.lucky_block":1,"stat.pickup.minecraft.tnt":6,"stat.pickup.minecraft.hopper":8,"stat.pickup.minecraft.ender_pearl":10,"stat.pickup.minecraft.wooden_door":2,"stat.useItem.minecraft.redstone_ore":5,"stat.pickup.minecraft.cooked_beef":5,"stat.pickup.minecraft.apple":2,"stat.useItem.minecraft.fireworks":7,"stat.pickup.minecraft.banner":1,"stat.pickup.minecraft.gold_ingot":14,"stat.mineBlock.minecraft.tnt":1,"stat.pickup.lucky.lucky_potion":14,"stat.pickup.minecraft.diamond_helmet":1,"stat.mobKills":4,"stat.pickup.minecraft.diamond_boots":1,"stat.useItem.minecraft.golden_apple":6,"stat.pickup.minecraft.iron_door":2,"stat.pickup.minecraft.diamond":35,"stat.useItem.lucky.lucky_sword":124,"stat.sneakTime":1127,"stat.pickup.minecraft.wool":4,"stat.pickup.minecraft.rabbit":2,"stat.pickup.minecraft.stone_slab":3,"stat.pickup.lucky.lucky_sword":2}