{"stat.chestOpened":25,"stat.craftItem.minecraft.diamond_chestplate":1,"stat.drop.minecraft.sugar":2,"stat.pickup.minecraft.bone":9,"stat.useItem.minecraft.stone":9,"stat.leaveGame":3,"stat.pickup.minecraft.arrow":27,"stat.useItem.lucky.lucky_potion":12,"stat.pickup.minecraft.iron_sword":1,"stat.useItem.minecraft.diamond_axe":1,"stat.pickup.lucky.lucky_block":2,"stat.useItem.minecraft.carpet":2,"stat.useItem.minecraft.diamond_sword":3,"stat.mineBlock.minecraft.sandstone":2,"stat.craftItem.minecraft.diamond_helmet":1,"stat.craftItem.minecraft.diamond_sword":1,"stat.jump":627,"stat.swimOneCm":12022,"stat.pickup.minecraft.iron_helmet":1,"stat.pickup.minecraft.iron_ingot":31,"stat.fallOneCm":31129,"stat.climbOneCm":6469,"stat.pickup.minecraft.enchanted_book":3,"stat.craftItem.minecraft.shield":1,"stat.mineBlock.lucky.lucky_block":67,"stat.pickup.minecraft.gunpowder":3,"stat.crouchOneCm":7355,"stat.pickup.minecraft.dropper":8,"stat.useItem.minecraft.stone_slab2":9,"stat.pickup.minecraft.bow":1,"stat.pickup.minecraft.iron_boots":1,"stat.craftingTableInteraction":9,"stat.pickup.minecraft.rotten_flesh":3,"stat.dropperInspected":1,"stat.mineBlock.minecraft.iron_bars":2,"stat.pickup.minecraft.cooked_rabbit":2,"stat.pickup.minecraft.splash_potion":1,"stat.pickup.minecraft.golden_axe":1,"stat.pickup.minecraft.cookie":9,"stat.mineBlock.minecraft.glass_pane":2,"stat.pickup.minecraft.wooden_pickaxe":1,"stat.damageTaken":5661,"stat.pickup.minecraft.feather":1,"stat.drop.minecraft.iron_leggings":1,"stat.useItem.minecraft.golden_pickaxe":17,"stat.mineBlock.minecraft.torch":2,"stat.useItem.minecraft.wooden_pickaxe":20,"stat.pickup.minecraft.wooden_hoe":1,"stat.mineBlock.minecraft.sandstone_stairs":7,"stat.aviateOneCm":272413,"stat.pickup.minecraft.dye":24,"stat.pickup.minecraft.diamond_hoe":1,"stat.pickup.minecraft.iron_leggings":2,"stat.pickup.minecraft.diamond_leggings":1,"stat.flyOneCm":254292,"stat.pickup.minecraft.chainmail_chestplate":1,"stat.pickup.minecraft.concrete":6,"stat.pickup.minecraft.diamond_axe":1,"stat.pickup.minecraft.golden_pickaxe":1,"stat.damageDealt":308,"stat.killEntity.Rabbit":1,"stat.drop.minecraft.carpet":8,"stat.useItem.minecraft.wool":2,"stat.timeSinceDeath":216,"stat.pickup.minecraft.chainmail_boots":1,"stat.pickup.minecraft.mutton":4,"stat.walkOneCm":125867,"stat.useItem.minecraft.bread":2,"stat.pickup.minecraft.golden_apple":5,"stat.playerKills":1,"stat.pickup.minecraft.cake":1,"stat.pickup.minecraft.wooden_axe":1,"stat.pickup.minecraft.diamond_pickaxe":1,"stat.drop.minecraft.rotten_flesh":1,"stat.entityKilledBy.Rabbit":1,"stat.pickup.minecraft.chainmail_helmet":1,"stat.pickup.minecraft.wooden_shovel":2,"stat.craftItem.minecraft.crafting_table":1,"stat.killEntity.Wolf":1,"stat.pickup.minecraft.carpet":11,"stat.pickup.minecraft.golden_hoe":1,"stat.killEntity.Creeper":1,"stat.pickup.minecraft.wooden_sword":1,"stat.pickup.minecraft.string":1,"stat.craftItem.minecraft.diamond_boots":1,"stat.pickup.minecraft.chainmail_leggings":2,"stat.useItem.minecraft.dropper":7,"stat.pickup.minecraft.sapling":1,"stat.sprintOneCm":83136,"stat.pickup.minecraft.iron_chestplate":1,"stat.mineBlock.minecraft.stone_slab":1,"stat.pickup.minecraft.skull":1,"stat.useItem.minecraft.fireworks":20,"stat.useItem.minecraft.concrete":2,"stat.craftItem.minecraft.stick":4,"stat.pickup.minecraft.gold_ingot":43,"stat.pickup.lucky.lucky_potion":12,"stat.craftItem.minecraft.planks":12,"stat.pickup.minecraft.potion":2,"stat.useItem.minecraft.diamond_pickaxe":6,"stat.mobKills":4,"stat.pickup.minecraft.emerald":19,"stat.pickup.minecraft.golden_sword":1,"stat.entityKilledBy.Creeper":1,"stat.pickup.minecraft.spawn_egg":4,"stat.pickup.minecraft.sugar":2,"stat.useItem.minecraft.golden_apple":7,"stat.deaths":19,"stat.drop":13,"stat.pickup.minecraft.diamond":66,"stat.playOneMinute":53166,"stat.useItem.minecraft.wooden_sword":13,"stat.sneakTime":2291,"stat.pickup.minecraft.wool":40,"stat.drop.minecraft.iron_boots":1,"stat.pickup.minecraft.stone_slab":2,"stat.diveOneCm":8016}