{"stat.chestOpened":23,"stat.useItem.minecraft.bow":20,"stat.walkOneCm":54971,"stat.useItem.minecraft.quartz_block":1,"stat.playerKills":3,"stat.pickup.minecraft.cake":1,"stat.pickup.minecraft.stick":1,"stat.killEntity.Slime":1,"stat.useItem.minecraft.diamond_sword":6,"stat.pickup.minecraft.diamond_sword":1,"stat.jump":278,"stat.swimOneCm":108,"stat.pickup.minecraft.iron_ingot":21,"stat.fallOneCm":12345,"stat.climbOneCm":15133,"stat.pickup.minecraft.beef":10,"stat.mineBlock.lucky.lucky_block":23,"stat.pickup.minecraft.carrot":8,"stat.crouchOneCm":6114,"stat.pickup.minecraft.baked_potato":8,"stat.sprintOneCm":38222,"stat.pickup.minecraft.cooked_beef":6,"stat.pickup.minecraft.gold_ingot":19,"stat.pickup.minecraft.milk_bucket":1,"stat.pickup.minecraft.splash_potion":1,"stat.pickup.minecraft.end_portal_frame":2,"stat.damageTaken":1742,"stat.pickup.minecraft.bucket":2,"stat.pickup.minecraft.golden_carrot":6,"stat.drop.minecraft.clock":1,"stat.pickup.minecraft.emerald":26,"stat.mobKills":2,"stat.pickup.minecraft.quartz_stairs":10,"stat.pickup.minecraft.quartz":51,"stat.pickup.minecraft.dye":28,"stat.pickup.minecraft.diamond_leggings":1,"stat.flyOneCm":56894,"stat.deaths":2,"stat.pickup.minecraft.water_bucket":2,"stat.pickup.minecraft.diamond":31,"stat.pickup.minecraft.quartz_block":39,"stat.drop":1,"stat.pickup.minecraft.potato":14,"stat.playOneMinute":21203,"stat.useItem.minecraft.cooked_beef":6,"stat.pickup.minecraft.clock":1,"stat.sneakTime":2296,"stat.pickup.minecraft.dragon_egg":1,"stat.pickup.minecraft.lava_bucket":2,"stat.damageDealt":59,"stat.useItem.minecraft.baked_potato":1,"stat.timeSinceDeath":8033,"stat.pickup.minecraft.stone_slab":11,"stat.pickup.minecraft.quartz_ore":46,"stat.pickup.minecraft.poisonous_potato":4}