{"stat.chestOpened":30,"stat.craftItem.minecraft.diamond_chestplate":1,"stat.useItem.minecraft.brick_stairs":2,"stat.useItem.minecraft.bow":41,"stat.useItem.minecraft.splash_potion":1,"stat.pickup.minecraft.bone":18,"stat.useItem.minecraft.quartz_block":1,"stat.pickup.minecraft.sign":2,"stat.useItem.lucky.lucky_potion":36,"stat.pickup.minecraft.iron_sword":1,"stat.killEntity.Slime":1,"stat.useItem.minecraft.chicken":1,"stat.pickup.minecraft.obsidian":14,"stat.useItem.minecraft.diamond_sword":68,"stat.craftItem.minecraft.diamond_helmet":1,"stat.pickup.minecraft.brick_stairs":3,"stat.pickup.minecraft.diamond_sword":1,"stat.jump":703,"stat.swimOneCm":6672,"stat.pickup.minecraft.iron_helmet":1,"stat.pickup.minecraft.iron_ingot":56,"stat.fallOneCm":62716,"stat.climbOneCm":15133,"stat.pickup.minecraft.enchanted_book":16,"stat.mineBlock.lucky.lucky_block":36,"stat.mineBlock.minecraft.web":1,"stat.pickup.minecraft.carrot":9,"stat.crouchOneCm":9076,"stat.pickup.minecraft.dirt":3,"stat.useItem.minecraft.stone_slab2":4,"stat.pickup.minecraft.bow":1,"stat.pickup.minecraft.iron_boots":1,"stat.useItem.minecraft.water_bucket":8,"stat.craftingTableInteraction":5,"stat.pickup.minecraft.milk_bucket":1,"stat.pickup.minecraft.splash_potion":1,"stat.pickup.minecraft.end_portal_frame":2,"stat.pickup.minecraft.cookie":22,"stat.pickup.minecraft.anvil":5,"stat.damageTaken":10444,"stat.pickup.minecraft.cobblestone_wall":1,"stat.pickup.minecraft.bucket":4,"stat.tradedWithVillager":1,"stat.pickup.minecraft.quartz_stairs":20,"stat.pickup.minecraft.dye":36,"stat.aviateOneCm":45614,"stat.pickup.minecraft.diamond_hoe":1,"stat.pickup.minecraft.prismarine_crystals":13,"stat.pickup.minecraft.diamond_leggings":1,"stat.pickup.minecraft.iron_leggings":2,"stat.flyOneCm":284654,"stat.pickup.minecraft.concrete":1,"stat.pickup.minecraft.quartz_block":40,"stat.pickup.minecraft.wheat_seeds":4,"stat.pickup.minecraft.potato":14,"stat.pickup.minecraft.rabbit_hide":1,"stat.useItem.minecraft.cooked_beef":6,"stat.pickup.minecraft.dragon_egg":1,"stat.killEntity.Villager":1,"stat.damageDealt":1906,"stat.killEntity.Rabbit":1,"stat.timeSinceDeath":1990,"stat.pickup.minecraft.quartz_ore":46,"stat.pickup.minecraft.poisonous_potato":4,"stat.walkOneCm":172604,"stat.playerKills":14,"stat.pickup.minecraft.cake":2,"stat.pickup.minecraft.stick":4,"stat.useItem.minecraft.golden_carrot":10,"stat.drop.minecraft.dirt":1,"stat.talkedToVillager":2,"stat.pickup.lucky.lucky_bow":2,"stat.craftItem.minecraft.diamond_boots":1,"stat.drop.minecraft.chicken":1,"stat.pickup.minecraft.beef":12,"stat.useItem.minecraft.milk_bucket":1,"stat.pickup.minecraft.baked_potato":9,"stat.pickup.minecraft.chicken":2,"stat.sprintOneCm":123431,"stat.pickup.minecraft.cooked_beef":6,"stat.pickup.minecraft.gold_ingot":54,"stat.useItem.minecraft.stone_slab":1,"stat.pickup.lucky.lucky_potion":15,"stat.entityKilledBy.Wolf":1,"stat.killEntity.Chicken":1,"stat.useItem.minecraft.diamond_pickaxe":3,"stat.pickup.minecraft.golden_carrot":10,"stat.drop.minecraft.clock":1,"stat.pickup.minecraft.golden_horse_armor":2,"stat.pickup.minecraft.emerald":59,"stat.mobKills":9,"stat.pickup.minecraft.quartz":51,"stat.useItem.minecraft.bucket":8,"stat.pickup.minecraft.sugar":27,"stat.useItem.minecraft.golden_apple":4,"stat.pickup.minecraft.lever":1,"stat.deaths":21,"stat.pickup.minecraft.water_bucket":2,"stat.drop":3,"stat.pickup.minecraft.diamond":102,"stat.playOneMinute":57203,"stat.entityKilledBy.Silverfish":1,"stat.pickup.minecraft.clock":1,"stat.sneakTime":3059,"stat.useItem.lucky.lucky_sword":58,"stat.pickup.minecraft.lava_bucket":2,"stat.craftItem.minecraft.diamond_pickaxe":1,"stat.pickup.minecraft.rabbit_stew":2,"stat.useItem.minecraft.baked_potato":1,"stat.pickup.minecraft.iron_bars":2,"stat.pickup.minecraft.stone_slab":11,"stat.pickup.lucky.lucky_sword":1,"stat.diveOneCm":2998,"stat.pickup.minecraft.wheat":1}