{"stat.chestOpened":28,"stat.useItem.minecraft.bow":41,"stat.walkOneCm":89899,"stat.useItem.minecraft.quartz_block":1,"stat.playerKills":5,"stat.pickup.minecraft.cake":1,"stat.pickup.minecraft.sign":1,"stat.pickup.minecraft.stick":3,"stat.killEntity.Slime":1,"stat.pickup.minecraft.obsidian":14,"stat.useItem.minecraft.diamond_sword":32,"stat.talkedToVillager":2,"stat.craftItem.minecraft.diamond_helmet":1,"stat.pickup.minecraft.diamond_sword":1,"stat.pickup.lucky.lucky_bow":1,"stat.jump":385,"stat.swimOneCm":362,"stat.pickup.minecraft.iron_ingot":21,"stat.fallOneCm":34911,"stat.climbOneCm":15133,"stat.pickup.minecraft.beef":10,"stat.mineBlock.lucky.lucky_block":33,"stat.pickup.minecraft.carrot":8,"stat.crouchOneCm":8957,"stat.pickup.minecraft.baked_potato":8,"stat.sprintOneCm":65147,"stat.pickup.minecraft.bow":1,"stat.pickup.minecraft.cooked_beef":6,"stat.useItem.minecraft.water_bucket":2,"stat.pickup.minecraft.gold_ingot":19,"stat.craftingTableInteraction":2,"stat.useItem.minecraft.stone_slab":1,"stat.pickup.minecraft.milk_bucket":1,"stat.pickup.minecraft.splash_potion":1,"stat.pickup.minecraft.end_portal_frame":2,"stat.entityKilledBy.Wolf":1,"stat.damageTaken":5668,"stat.pickup.minecraft.bucket":4,"stat.pickup.minecraft.golden_carrot":6,"stat.tradedWithVillager":1,"stat.drop.minecraft.clock":1,"stat.pickup.minecraft.golden_horse_armor":1,"stat.pickup.minecraft.emerald":26,"stat.mobKills":6,"stat.pickup.minecraft.quartz_stairs":20,"stat.pickup.minecraft.quartz":51,"stat.useItem.minecraft.bucket":2,"stat.pickup.minecraft.dye":28,"stat.aviateOneCm":45614,"stat.pickup.minecraft.diamond_leggings":1,"stat.pickup.minecraft.prismarine_crystals":7,"stat.flyOneCm":100652,"stat.deaths":16,"stat.pickup.minecraft.water_bucket":2,"stat.pickup.minecraft.concrete":1,"stat.pickup.minecraft.diamond":69,"stat.pickup.minecraft.quartz_block":40,"stat.drop":1,"stat.pickup.minecraft.potato":14,"stat.playOneMinute":32903,"stat.entityKilledBy.Silverfish":1,"stat.useItem.minecraft.cooked_beef":6,"stat.pickup.minecraft.clock":1,"stat.sneakTime":2916,"stat.pickup.minecraft.dragon_egg":1,"stat.pickup.minecraft.lava_bucket":2,"stat.killEntity.Villager":1,"stat.damageDealt":781,"stat.useItem.minecraft.baked_potato":1,"stat.timeSinceDeath":1113,"stat.pickup.minecraft.iron_bars":2,"stat.pickup.minecraft.stone_slab":11,"stat.pickup.minecraft.quartz_ore":46,"stat.pickup.minecraft.poisonous_potato":4}