{"stat.chestOpened":23,"stat.useItem.minecraft.stone":9,"stat.leaveGame":3,"stat.useItem.minecraft.diamond_axe":1,"stat.pickup.lucky.lucky_block":2,"stat.useItem.minecraft.carpet":2,"stat.jump":501,"stat.swimOneCm":12022,"stat.pickup.minecraft.iron_ingot":6,"stat.fallOneCm":9175,"stat.climbOneCm":6469,"stat.pickup.minecraft.enchanted_book":3,"stat.mineBlock.lucky.lucky_block":40,"stat.pickup.minecraft.gunpowder":3,"stat.crouchOneCm":6307,"stat.pickup.minecraft.dropper":8,"stat.useItem.minecraft.stone_slab2":6,"stat.pickup.minecraft.rotten_flesh":3,"stat.dropperInspected":1,"stat.pickup.minecraft.golden_axe":1,"stat.mineBlock.minecraft.glass_pane":2,"stat.pickup.minecraft.wooden_pickaxe":1,"stat.damageTaken":4282,"stat.useItem.minecraft.wooden_pickaxe":2,"stat.pickup.minecraft.wooden_hoe":1,"stat.aviateOneCm":272413,"stat.flyOneCm":220076,"stat.pickup.minecraft.chainmail_chestplate":1,"stat.pickup.minecraft.concrete":6,"stat.pickup.minecraft.diamond_axe":1,"stat.pickup.minecraft.golden_pickaxe":1,"stat.damageDealt":268,"stat.killEntity.Rabbit":1,"stat.drop.minecraft.carpet":8,"stat.useItem.minecraft.wool":2,"stat.timeSinceDeath":363,"stat.pickup.minecraft.chainmail_boots":1,"stat.pickup.minecraft.mutton":4,"stat.walkOneCm":87807,"stat.useItem.minecraft.bread":1,"stat.pickup.minecraft.golden_apple":5,"stat.playerKills":1,"stat.pickup.minecraft.cake":1,"stat.pickup.minecraft.wooden_axe":1,"stat.drop.minecraft.rotten_flesh":1,"stat.entityKilledBy.Rabbit":1,"stat.pickup.minecraft.wooden_shovel":2,"stat.killEntity.Wolf":1,"stat.pickup.minecraft.carpet":11,"stat.pickup.minecraft.golden_hoe":1,"stat.killEntity.Creeper":1,"stat.pickup.minecraft.wooden_sword":1,"stat.pickup.minecraft.string":1,"stat.useItem.minecraft.dropper":7,"stat.sprintOneCm":54322,"stat.pickup.minecraft.skull":1,"stat.useItem.minecraft.fireworks":20,"stat.useItem.minecraft.concrete":1,"stat.pickup.minecraft.gold_ingot":16,"stat.mobKills":4,"stat.pickup.minecraft.golden_sword":1,"stat.entityKilledBy.Creeper":1,"stat.pickup.minecraft.spawn_egg":4,"stat.useItem.minecraft.golden_apple":5,"stat.deaths":15,"stat.drop":9,"stat.pickup.minecraft.diamond":5,"stat.playOneMinute":40566,"stat.useItem.minecraft.wooden_sword":13,"stat.sneakTime":2062,"stat.pickup.minecraft.wool":37,"stat.pickup.minecraft.stone_slab":2,"stat.diveOneCm":8016}