{"stat.chestOpened":30,"stat.craftItem.minecraft.diamond_chestplate":1,"stat.useItem.minecraft.brick_stairs":2,"stat.useItem.minecraft.bow":41,"stat.useItem.minecraft.splash_potion":1,"stat.pickup.minecraft.bone":16,"stat.useItem.minecraft.quartz_block":1,"stat.pickup.minecraft.sign":2,"stat.useItem.lucky.lucky_potion":36,"stat.pickup.minecraft.iron_sword":1,"stat.killEntity.Slime":1,"stat.pickup.minecraft.obsidian":14,"stat.useItem.minecraft.diamond_sword":33,"stat.craftItem.minecraft.diamond_helmet":1,"stat.pickup.minecraft.brick_stairs":3,"stat.pickup.minecraft.diamond_sword":1,"stat.jump":533,"stat.swimOneCm":884,"stat.pickup.minecraft.iron_helmet":1,"stat.pickup.minecraft.iron_ingot":56,"stat.fallOneCm":45781,"stat.climbOneCm":15133,"stat.pickup.minecraft.enchanted_book":16,"stat.mineBlock.lucky.lucky_block":36,"stat.mineBlock.minecraft.web":1,"stat.pickup.minecraft.carrot":9,"stat.crouchOneCm":8960,"stat.useItem.minecraft.stone_slab2":4,"stat.pickup.minecraft.bow":1,"stat.pickup.minecraft.iron_boots":1,"stat.useItem.minecraft.water_bucket":5,"stat.craftingTableInteraction":5,"stat.pickup.minecraft.milk_bucket":1,"stat.pickup.minecraft.splash_potion":1,"stat.pickup.minecraft.end_portal_frame":2,"stat.pickup.minecraft.cookie":22,"stat.pickup.minecraft.anvil":5,"stat.damageTaken":7828,"stat.pickup.minecraft.bucket":4,"stat.tradedWithVillager":1,"stat.pickup.minecraft.quartz_stairs":20,"stat.pickup.minecraft.dye":36,"stat.aviateOneCm":45614,"stat.pickup.minecraft.diamond_hoe":1,"stat.pickup.minecraft.prismarine_crystals":12,"stat.pickup.minecraft.diamond_leggings":1,"stat.pickup.minecraft.iron_leggings":2,"stat.flyOneCm":191974,"stat.pickup.minecraft.concrete":1,"stat.pickup.minecraft.quartz_block":40,"stat.pickup.minecraft.wheat_seeds":4,"stat.pickup.minecraft.potato":14,"stat.useItem.minecraft.cooked_beef":6,"stat.pickup.minecraft.dragon_egg":1,"stat.killEntity.Villager":1,"stat.damageDealt":962,"stat.killEntity.Rabbit":1,"stat.timeSinceDeath":8298,"stat.pickup.minecraft.quartz_ore":46,"stat.pickup.minecraft.poisonous_potato":4,"stat.walkOneCm":132483,"stat.playerKills":6,"stat.pickup.minecraft.cake":2,"stat.pickup.minecraft.stick":4,"stat.useItem.minecraft.golden_carrot":5,"stat.talkedToVillager":2,"stat.pickup.lucky.lucky_bow":2,"stat.craftItem.minecraft.diamond_boots":1,"stat.pickup.minecraft.beef":12,"stat.useItem.minecraft.milk_bucket":1,"stat.pickup.minecraft.baked_potato":9,"stat.sprintOneCm":96880,"stat.pickup.minecraft.cooked_beef":6,"stat.pickup.minecraft.gold_ingot":54,"stat.useItem.minecraft.stone_slab":1,"stat.pickup.lucky.lucky_potion":15,"stat.entityKilledBy.Wolf":1,"stat.useItem.minecraft.diamond_pickaxe":3,"stat.pickup.minecraft.golden_carrot":10,"stat.drop.minecraft.clock":1,"stat.pickup.minecraft.golden_horse_armor":2,"stat.pickup.minecraft.emerald":59,"stat.mobKills":8,"stat.pickup.minecraft.quartz":51,"stat.useItem.minecraft.bucket":5,"stat.pickup.minecraft.sugar":27,"stat.useItem.minecraft.golden_apple":4,"stat.pickup.minecraft.lever":1,"stat.deaths":18,"stat.pickup.minecraft.water_bucket":2,"stat.drop":1,"stat.pickup.minecraft.diamond":102,"stat.playOneMinute":45503,"stat.entityKilledBy.Silverfish":1,"stat.pickup.minecraft.clock":1,"stat.sneakTime":2933,"stat.useItem.lucky.lucky_sword":23,"stat.pickup.minecraft.lava_bucket":2,"stat.craftItem.minecraft.diamond_pickaxe":1,"stat.pickup.minecraft.rabbit_stew":2,"stat.useItem.minecraft.baked_potato":1,"stat.pickup.minecraft.iron_bars":2,"stat.pickup.minecraft.stone_slab":11,"stat.pickup.lucky.lucky_sword":1,"stat.diveOneCm":238,"stat.pickup.minecraft.wheat":1}