{"stat.chestOpened":19,"stat.walkOneCm":70430,"stat.useItem.minecraft.bread":1,"stat.pickup.minecraft.golden_apple":5,"stat.pickup.minecraft.cake":1,"stat.useItem.minecraft.stone":9,"stat.pickup.minecraft.wooden_axe":1,"stat.leaveGame":2,"stat.drop.minecraft.rotten_flesh":1,"stat.pickup.minecraft.wooden_shovel":1,"stat.killEntity.Wolf":1,"stat.pickup.minecraft.carpet":11,"stat.pickup.lucky.lucky_block":2,"stat.useItem.minecraft.carpet":2,"stat.pickup.minecraft.wooden_sword":1,"stat.jump":332,"stat.swimOneCm":4193,"stat.pickup.minecraft.iron_ingot":6,"stat.fallOneCm":2118,"stat.mineBlock.lucky.lucky_block":26,"stat.pickup.minecraft.gunpowder":2,"stat.crouchOneCm":3215,"stat.pickup.minecraft.dropper":8,"stat.sprintOneCm":36960,"stat.useItem.minecraft.stone_slab2":4,"stat.pickup.minecraft.skull":1,"stat.pickup.minecraft.gold_ingot":16,"stat.pickup.minecraft.rotten_flesh":1,"stat.mineBlock.minecraft.glass_pane":1,"stat.pickup.minecraft.wooden_pickaxe":1,"stat.damageTaken":2083,"stat.useItem.minecraft.wooden_pickaxe":2,"stat.mobKills":2,"stat.pickup.minecraft.wooden_hoe":1,"stat.useItem.minecraft.golden_apple":3,"stat.flyOneCm":186315,"stat.deaths":7,"stat.pickup.minecraft.chainmail_chestplate":1,"stat.drop":9,"stat.pickup.minecraft.diamond":5,"stat.playOneMinute":29274,"stat.useItem.minecraft.wooden_sword":5,"stat.sneakTime":956,"stat.pickup.minecraft.wool":33,"stat.damageDealt":163,"stat.drop.minecraft.carpet":8,"stat.timeSinceDeath":4945,"stat.pickup.minecraft.stone_slab":2,"stat.pickup.minecraft.chainmail_boots":1,"stat.diveOneCm":2130,"stat.pickup.minecraft.mutton":4}