{"stat.walkOneCm":31009,"stat.pickup.minecraft.splash_potion":1,"stat.pickup.minecraft.cake":1,"stat.pickup.minecraft.stick":1,"stat.damageTaken":88,"stat.pickup.minecraft.emerald":14,"stat.mobKills":1,"stat.pickup.minecraft.quartz_stairs":10,"stat.pickup.minecraft.quartz":51,"stat.pickup.minecraft.dye":15,"stat.useItem.minecraft.diamond_sword":2,"stat.pickup.minecraft.diamond_leggings":1,"stat.flyOneCm":28290,"stat.pickup.minecraft.diamond_sword":1,"stat.pickup.minecraft.diamond":15,"stat.pickup.minecraft.quartz_block":39,"stat.jump":103,"stat.swimOneCm":108,"stat.pickup.minecraft.potato":14,"stat.playOneMinute":9503,"stat.pickup.minecraft.iron_ingot":13,"stat.fallOneCm":991,"stat.pickup.minecraft.beef":10,"stat.mineBlock.lucky.lucky_block":15,"stat.useItem.minecraft.cooked_beef":1,"stat.sneakTime":168,"stat.damageDealt":10,"stat.crouchOneCm":538,"stat.pickup.minecraft.baked_potato":8,"stat.timeSinceDeath":9503,"stat.pickup.minecraft.stone_slab":11,"stat.pickup.minecraft.quartz_ore":46,"stat.sprintOneCm":18958,"stat.pickup.minecraft.cooked_beef":6,"stat.pickup.minecraft.poisonous_potato":4,"stat.pickup.minecraft.gold_ingot":11}