{"stat.chestOpened":30,"stat.craftItem.minecraft.diamond_chestplate":1,"stat.useItem.minecraft.brick_stairs":2,"stat.useItem.minecraft.bow":41,"stat.useItem.minecraft.splash_potion":1,"stat.pickup.minecraft.bone":18,"stat.useItem.minecraft.quartz_block":1,"stat.pickup.minecraft.sign":2,"stat.useItem.lucky.lucky_potion":38,"stat.pickup.minecraft.iron_sword":1,"stat.killEntity.Slime":2,"stat.useItem.minecraft.chicken":1,"stat.pickup.minecraft.obsidian":14,"stat.useItem.minecraft.diamond_sword":145,"stat.craftItem.minecraft.diamond_helmet":1,"stat.pickup.minecraft.brick_stairs":3,"stat.pickup.minecraft.diamond_sword":1,"stat.jump":926,"stat.swimOneCm":7743,"stat.pickup.minecraft.iron_helmet":1,"stat.pickup.minecraft.iron_ingot":56,"stat.fallOneCm":66882,"stat.climbOneCm":15133,"stat.pickup.minecraft.enchanted_book":16,"stat.mineBlock.lucky.lucky_block":36,"stat.mineBlock.minecraft.web":4,"stat.pickup.minecraft.carrot":9,"stat.crouchOneCm":9091,"stat.pickup.minecraft.dirt":3,"stat.useItem.minecraft.stone_slab2":4,"stat.pickup.minecraft.bow":1,"stat.pickup.minecraft.iron_boots":1,"stat.useItem.minecraft.water_bucket":14,"stat.craftingTableInteraction":5,"stat.pickup.minecraft.milk_bucket":1,"stat.pickup.minecraft.splash_potion":1,"stat.pickup.minecraft.end_portal_frame":2,"stat.pickup.minecraft.cookie":22,"stat.pickup.minecraft.anvil":5,"stat.damageTaken":18494,"stat.pickup.minecraft.cobblestone_wall":1,"stat.pickup.minecraft.bucket":4,"stat.tradedWithVillager":1,"stat.pickup.minecraft.quartz_stairs":20,"stat.pickup.minecraft.dye":36,"stat.aviateOneCm":45614,"stat.pickup.minecraft.diamond_hoe":1,"stat.pickup.minecraft.prismarine_crystals":13,"stat.pickup.minecraft.diamond_leggings":1,"stat.pickup.minecraft.iron_leggings":2,"stat.flyOneCm":337653,"stat.pickup.minecraft.concrete":1,"stat.pickup.minecraft.quartz_block":44,"stat.pickup.minecraft.wheat_seeds":5,"stat.pickup.minecraft.potato":14,"stat.pickup.minecraft.rabbit_hide":1,"stat.useItem.minecraft.cooked_beef":6,"stat.pickup.minecraft.dragon_egg":1,"stat.killEntity.Villager":1,"stat.damageDealt":5298,"stat.killEntity.Rabbit":1,"stat.timeSinceDeath":145,"stat.pickup.minecraft.quartz_ore":46,"stat.pickup.minecraft.poisonous_potato":4,"stat.walkOneCm":223668,"stat.playerKills":31,"stat.pickup.minecraft.cake":2,"stat.pickup.minecraft.stick":4,"stat.useItem.minecraft.golden_carrot":10,"stat.drop.minecraft.dirt":1,"stat.talkedToVillager":2,"stat.pickup.minecraft.string":3,"stat.pickup.lucky.lucky_bow":2,"stat.craftItem.minecraft.diamond_boots":1,"stat.drop.minecraft.chicken":1,"stat.pickup.minecraft.beef":12,"stat.useItem.minecraft.milk_bucket":1,"stat.pickup.minecraft.baked_potato":9,"stat.pickup.minecraft.chicken":3,"stat.sprintOneCm":157381,"stat.pickup.minecraft.cooked_beef":6,"stat.pickup.minecraft.banner":1,"stat.pickup.minecraft.gold_ingot":54,"stat.useItem.minecraft.stone_slab":1,"stat.pickup.lucky.lucky_potion":15,"stat.entityKilledBy.Wolf":1,"stat.killEntity.Chicken":1,"stat.useItem.minecraft.diamond_pickaxe":3,"stat.pickup.minecraft.golden_carrot":10,"stat.drop.minecraft.clock":1,"stat.pickup.minecraft.golden_horse_armor":2,"stat.pickup.minecraft.emerald":59,"stat.mobKills":12,"stat.pickup.minecraft.quartz":51,"stat.useItem.minecraft.bucket":14,"stat.entityKilledBy.Creeper":1,"stat.pickup.minecraft.sugar":27,"stat.useItem.minecraft.golden_apple":4,"stat.pickup.minecraft.lever":1,"stat.deaths":49,"stat.pickup.minecraft.water_bucket":2,"stat.drop":5,"stat.pickup.minecraft.diamond":102,"stat.playOneMinute":69803,"stat.entityKilledBy.Silverfish":1,"stat.pickup.minecraft.clock":1,"stat.sneakTime":3067,"stat.useItem.lucky.lucky_sword":119,"stat.pickup.minecraft.slime_ball":1,"stat.pickup.minecraft.lava_bucket":2,"stat.drop.minecraft.quartz_block":2,"stat.craftItem.minecraft.diamond_pickaxe":1,"stat.pickup.minecraft.rabbit_stew":2,"stat.useItem.minecraft.baked_potato":2,"stat.pickup.minecraft.iron_bars":2,"stat.pickup.minecraft.stone_slab":11,"stat.pickup.lucky.lucky_sword":1,"stat.diveOneCm":2998,"stat.pickup.minecraft.wheat":1}